symbol_index,normalized_pam4_symbol,pre_vga_ctle_output_v,adc_analog_input_v,adc_output_code_unsigned,adc_reconstructed_voltage_v,adc_total_conversion_error_v,clipped_low,clipped_high,clipped
512,-3.0,-0.2862311872646759,-0.061980922977756016,22,-0.05937500000000001,0.0026059229777560047,False,False,False
538,-3.0,-0.1275290033301784,-0.02761531826204762,27,-0.02812500000000001,-0.0005096817379523916,False,False,False
563,-3.0,-0.15282668507862546,-0.033093315537433235,26,-0.03437499999999999,-0.001281684462566754,False,False,False
589,1.0,0.0338155331001364,0.007322465355926536,33,0.009374999999999994,0.0020525346440734586,False,False,False
615,-1.0,-0.04234505904988422,-0.009169461471130597,30,-0.009374999999999994,-0.00020553852886939783,False,False,False
640,-1.0,-0.18986415517280197,-0.041113463876738254,25,-0.040624999999999994,0.0004884638767382599,False,False,False
666,1.0,0.11099635079240544,0.024035313324939994,35,0.021875000000000006,-0.0021603133249399886,False,False,False
691,1.0,0.300309430626181,0.06502944653589882,42,0.06562499999999999,0.0005955534641011728,False,False,False
717,-1.0,-0.1883450440962566,-0.04078451332620668,25,-0.040624999999999994,0.00015951332620668668,False,False,False
743,-3.0,-0.22170552421783224,-0.048008440839753086,24,-0.046875,0.001133440839753086,False,False,False
768,-3.0,-0.4471847231993857,-0.09683403877237398,16,-0.096875,-4.096122762602128e-05,False,False,False
794,-1.0,-0.11154850965883056,-0.024154878619338675,28,-0.021875000000000006,0.0022798786193386697,False,False,False
820,3.0,0.17537118069031254,0.0379751338306587,38,0.040624999999999994,0.0026498661693412917,False,False,False
845,3.0,0.11945949689214669,0.02586793544963014,36,0.02812500000000001,0.002257064550369871,False,False,False
871,-1.0,-0.11308624737710798,-0.02448786261031246,28,-0.021875000000000006,0.002612862610312454,False,False,False
897,1.0,-0.017015024993658624,-0.003684458579355872,31,-0.003124999999999989,0.0005594585793558832,False,False,False
922,1.0,0.1782817989570205,0.03860540339817321,38,0.040624999999999994,0.0020195966018267814,False,False,False
948,-1.0,-0.01751419465048287,-0.0037925495122417023,31,-0.003124999999999989,0.0006675495122417134,False,False,False
974,-1.0,-0.20448555372320518,-0.04427960305968347,24,-0.046875,-0.002595396940316533,False,False,False
999,-1.0,-0.2039491117426535,-0.04416344112290657,24,-0.046875,-0.0027115588770934285,False,False,False
1025,1.0,0.04350299587902755,0.009420202818033066,33,0.009374999999999994,-4.520281803307123e-05,False,False,False
1050,-3.0,-0.4057045974632808,-0.08785187123526425,17,-0.09062500000000001,-0.0027731287647357605,False,False,False
1076,1.0,0.03145649830473272,0.006811636485903523,33,0.009374999999999994,0.002563363514096471,False,False,False
1102,-1.0,-0.08986056630910658,-0.01945853941482644,28,-0.021875000000000006,-0.0024164605851735646,False,False,False
1127,3.0,0.2656980500042443,0.05753464718512662,41,0.05937500000000001,0.0018403528148733944,False,False,False
1153,-3.0,-0.38108129891538006,-0.08251990589165381,18,-0.084375,-0.0018550941083461947,False,False,False
1179,1.0,0.11547289915441614,0.02500467170228348,36,0.02812500000000001,0.0031203282977165306,False,False,False
1204,-1.0,-0.11711107554907327,-0.025359404832210837,27,-0.02812500000000001,-0.002765595167789174,False,False,False
1230,-1.0,-0.09126384635739183,-0.01976240774385156,28,-0.021875000000000006,-0.002112592256148446,False,False,False
1256,1.0,0.038654375666227064,0.008370275453968132,33,0.009374999999999994,0.0010047245460318623,False,False,False
1281,-1.0,-0.0531976608314555,-0.01151949984940773,30,-0.009374999999999994,0.0021444998494077362,False,False,False
1307,-3.0,-0.23791724525224692,-0.05151895079631408,23,-0.053125000000000006,-0.0016060492036859275,False,False,False
1333,-3.0,-0.22365383434103236,-0.04843033078416079,24,-0.046875,0.0015553307841607925,False,False,False
1358,1.0,0.04522078607163283,0.009792175637058392,33,0.009374999999999994,-0.0004171756370583979,False,False,False
1384,-1.0,-0.2990280088920263,-0.0647519655857422,21,-0.06562500000000002,-0.0008730344142578172,False,False,False
1409,1.0,-0.04148426760742472,-0.008983064424027305,30,-0.009374999999999994,-0.0003919355759726892,False,False,False
1435,-3.0,-0.3818184580682988,-0.08267953142063975,18,-0.084375,-0.0016954685793602597,False,False,False
1461,-1.0,-0.05004768238187169,-0.010837398875258095,30,-0.009374999999999994,0.0014623988752581005,False,False,False
1486,-1.0,-0.12995462185781548,-0.028140565271542333,27,-0.02812500000000001,1.5565271542321985e-05,False,False,False
1512,1.0,-0.10495724041912113,-0.022727595467645256,28,-0.021875000000000006,0.00085259546764525,False,False,False
1538,-1.0,-0.13055310076570503,-0.02827016077596027,27,-0.02812500000000001,0.00014516077596025967,False,False,False
1563,3.0,0.14454190213966453,0.03129931643435038,37,0.03437499999999999,0.003075683565649606,False,False,False
1589,3.0,0.16319375019927262,0.035338215091841436,37,0.03437499999999999,-0.0009632150918414475,False,False,False
1615,-1.0,-0.10494248733643657,-0.022724400813385892,28,-0.021875000000000006,0.0008494008133858866,False,False,False
1640,-3.0,-0.34360932513377046,-0.07440566948374344,20,-0.071875,0.0025306694837434474,False,False,False
1666,-1.0,0.008329278688231852,0.0018036342781829057,32,0.003124999999999989,0.0013213657218170832,False,False,False
1691,-3.0,-0.3557101751477268,-0.07702600537323148,19,-0.078125,-0.001098994626768518,False,False,False
1717,-3.0,-0.04663591431788014,-0.01009860959232543,30,-0.009374999999999994,0.0007236095923254353,False,False,False
1743,1.0,0.058541614272562215,0.012676687400475239,34,0.015625,0.0029483125995247612,False,False,False
1768,3.0,0.2643143098714821,0.05723501005819587,41,0.05937500000000001,0.0021399899418041435,False,False,False
1794,-3.0,-0.431869510842967,-0.0935176601257194,17,-0.09062500000000001,0.0028926601257193846,False,False,False
1820,3.0,0.3327283718524504,0.07204949182994211,43,0.07187500000000002,-0.00017449182994208612,False,False,False
1845,3.0,0.01836843528854579,0.0039775280385099835,32,0.003124999999999989,-0.0008525280385099946,False,False,False
1871,-3.0,-0.2922006129292759,-0.06327355120556993,21,-0.06562500000000002,-0.0023514487944300833,False,False,False
1897,3.0,0.24082400093445983,0.05214838395409153,40,0.05312499999999998,0.0009766160459084502,False,False,False
1922,1.0,0.06857498881705781,0.014849329105917037,34,0.015625,0.000775670894082963,False,False,False
1948,1.0,0.21851565305014664,0.04731770143765411,39,0.046875,-0.0004427014376541111,False,False,False
1974,3.0,0.1419318278970713,0.030734127112591367,36,0.02812500000000001,-0.0026091271125913557,False,False,False
1999,-3.0,-0.17461064108409874,-0.03781044546387116,25,-0.040624999999999994,-0.0028145545361288327,False,False,False
2025,-3.0,-0.32472063397398054,-0.07031548447241207,20,-0.071875,-0.001559515527587929,False,False,False
2050,1.0,0.010287194526828348,0.0022276042583540562,32,0.003124999999999989,0.0008973957416459327,False,False,False
2076,-3.0,-0.23470291772472096,-0.05082291557802518,23,-0.053125000000000006,-0.002302084421974826,False,False,False
2102,-3.0,-0.2091010767435466,-0.04527905521428501,24,-0.046875,-0.001595944785714988,False,False,False
2127,3.0,0.2364121190179237,0.05119302854412036,40,0.05312499999999998,0.0019319714558796164,False,False,False
2153,3.0,0.2504261941226975,0.05422765701341528,40,0.05312499999999998,-0.0011026570134153035,False,False,False
2179,-3.0,-0.32034689680534356,-0.06936838898234737,20,-0.071875,-0.0025066110176526213,False,False,False
2204,-1.0,0.11486500882559711,0.024873038234912194,35,0.021875000000000006,-0.0029980382349121884,False,False,False
2230,-3.0,-0.4806666997954403,-0.10408427531149762,15,-0.10312500000000001,0.0009592753114976149,False,False,False
2256,3.0,0.11746205059054445,0.025435405484761794,36,0.02812500000000001,0.0026895945152382167,False,False,False
2281,1.0,0.1905655880251144,0.04126535317995747,38,0.040624999999999994,-0.0006403531799574758,False,False,False
2307,1.0,0.08124075148529912,0.017591992013816338,34,0.015625,-0.0019669920138163377,False,False,False
2333,-1.0,-0.09443419883240683,-0.020448920539483967,28,-0.021875000000000006,-0.0014260794605160387,False,False,False
2358,-3.0,-0.2940679396456168,-0.06367790488374828,21,-0.06562500000000002,-0.0019470951162517403,False,False,False
2384,1.0,0.24606638495148261,0.05328357751243171,40,0.05312499999999998,-0.00015857751243172902,False,False,False
2409,1.0,0.12658580608349607,0.027411076940694355,36,0.02812500000000001,0.0007139230593056559,False,False,False
2435,1.0,0.28595767509597003,0.06192169624979517,41,0.05937500000000001,-0.002546696249795158,False,False,False
2461,-1.0,-0.158342976533951,-0.03428782141599506,26,-0.03437499999999999,-8.7178584004928e-05,False,False,False
2486,-1.0,0.03259992911511028,0.007059236678131572,33,0.009374999999999994,0.0023157633218684227,False,False,False
2512,1.0,0.1411139083288454,0.03055701360429526,36,0.02812500000000001,-0.0024320136042952495,False,False,False
2538,-3.0,-0.21301605926093964,-0.04612681129631329,24,-0.046875,-0.0007481887036867099,False,False,False
2563,1.0,-0.06916520788215995,-0.01497713601180906,29,-0.015625,-0.0006478639881909408,False,False,False
2589,3.0,0.2567073036443752,0.05558777772282618,40,0.05312499999999998,-0.002462777722826201,False,False,False
2615,3.0,0.2092985571089868,0.04532181790355354,39,0.046875,0.001553182096446462,False,False,False
2640,-3.0,-0.18637245825215637,-0.04035736668143129,25,-0.040624999999999994,-0.00026763331856870243,False,False,False
2666,3.0,0.30691261892422295,0.06645931065804325,42,0.06562499999999999,-0.0008343106580432635,False,False,False
2691,-1.0,-0.18009861084529943,-0.03899881852106252,25,-0.040624999999999994,-0.0016261814789374773,False,False,False
2717,3.0,0.2242382018685171,0.04855687058947643,39,0.046875,-0.001681870589476428,False,False,False
2743,3.0,-0.07817650954182682,-0.016928456549010575,29,-0.015625,0.0013034565490105746,False,False,False
2768,-3.0,-0.1804457832666845,-0.03907399574865782,25,-0.040624999999999994,-0.001551004251342178,False,False,False
2794,-1.0,0.09884669175406322,0.02140440825740402,35,0.021875000000000006,0.0004705917425959841,False,False,False
2820,1.0,0.14184461648335217,0.03071524222458126,36,0.02812500000000001,-0.002590242224581249,False,False,False
2845,-3.0,-0.4104148364279722,-0.08887183331999474,17,-0.09062500000000001,-0.0017531666800052748,False,False,False
2871,-3.0,-0.1976307987541708,-0.04279526431998407,25,-0.040624999999999994,0.002170264319984072,False,False,False
2897,1.0,0.13910622762356348,0.030122267466576383,36,0.02812500000000001,-0.0019972674665763718,False,False,False
2922,-3.0,-0.23239866905694745,-0.05032395017679234,23,-0.053125000000000006,-0.0028010498232076686,False,False,False
2948,1.0,0.09815033936982606,0.02125361908622659,35,0.021875000000000006,0.0006213809137734158,False,False,False
2974,-3.0,-0.33700319196949613,-0.07297516767592657,20,-0.071875,0.0011001676759265777,False,False,False
2999,3.0,0.24480357632597421,0.053010127072242896,40,0.05312499999999998,0.00011487292775708147,False,False,False
3025,-1.0,-0.12894985623151584,-0.02792299184256169,27,-0.02812500000000001,-0.00020200815743831937,False,False,False
3050,-1.0,0.03461770969788952,0.007496169858203318,33,0.009374999999999994,0.0018788301417966766,False,False,False
3076,-3.0,-0.25224416470219696,-0.05462132304100853,23,-0.053125000000000006,0.0014963230410085238,False,False,False
3102,-1.0,-0.047679398772149016,-0.010324567253356705,30,-0.009374999999999994,0.0009495672533567107,False,False,False
3127,3.0,0.25989404680903216,0.05627783978254108,41,0.05937500000000001,0.0030971602174589344,False,False,False
3153,3.0,0.31833367684130276,0.06893244336537618,43,0.07187500000000002,0.0029425566346238385,False,False,False
3179,-3.0,-0.10558624094046695,-0.022863800167206703,28,-0.021875000000000006,0.0009888001672066979,False,False,False
3204,1.0,0.0625105540903641,0.013536127475826115,34,0.015625,0.002088872524173885,False,False,False
3230,-3.0,-0.30604317575378526,-0.06627104015301749,21,-0.06562500000000002,0.0006460401530174742,False,False,False
3256,1.0,0.038848864660376514,0.008412390387290355,33,0.009374999999999994,0.0009626096127096397,False,False,False
3281,-1.0,0.03583069895515923,0.007758832338997783,33,0.009374999999999994,0.0016161676610022113,False,False,False
3307,-1.0,-0.19451969237952338,-0.04212158076220906,25,-0.040624999999999994,0.001496580762209064,False,False,False
3333,1.0,0.05735643935044031,0.01242004787679088,33,0.009374999999999994,-0.003045047876790885,False,False,False
3358,1.0,0.06755326340634908,0.01462808318023456,34,0.015625,0.00099691681976544,False,False,False
3384,1.0,0.04302188191145,0.009316021690697073,33,0.009374999999999994,5.897830930292128e-05,False,False,False
3409,-3.0,-0.1574865748133308,-0.034102374925726,26,-0.03437499999999999,-0.0002726250742739883,False,False,False
3435,1.0,0.047559384154421985,0.010298579111223644,33,0.009374999999999994,-0.0009235791112236491,False,False,False
3461,3.0,0.17080844530765632,0.03698711238889042,37,0.03437499999999999,-0.0026121123888904335,False,False,False
3486,-1.0,-0.11267130887301541,-0.024398011215331895,28,-0.021875000000000006,0.00252301121533189,False,False,False
3512,-3.0,-0.2892580333127246,-0.06263636068027359,21,-0.06562500000000002,-0.002988639319726427,False,False,False
3538,-3.0,-0.1879690518634518,-0.04070309541418804,25,-0.040624999999999994,7.809541418804522e-05,False,False,False
3563,-3.0,-0.24939783787288639,-0.05400497523606482,23,-0.053125000000000006,0.0008799752360648117,False,False,False
3589,-1.0,-0.09618115531247776,-0.020827209069366054,28,-0.021875000000000006,-0.0010477909306339517,False,False,False
3615,-1.0,-0.09955586701915017,-0.021557974114091858,28,-0.021875000000000006,-0.0003170258859081475,False,False,False
3640,-3.0,-0.1530037966690029,-0.0331316675421416,26,-0.03437499999999999,-0.0012433324578583899,False,False,False
3666,-1.0,-0.1730033816291523,-0.03746240713361685,26,-0.03437499999999999,0.003087407133616861,False,False,False
3691,-3.0,-0.37656266887037726,-0.08154143508467873,18,-0.084375,-0.002833564915321274,False,False,False
3717,-1.0,-0.18423102230082897,-0.03989365698568006,25,-0.040624999999999994,-0.0007313430143199365,False,False,False
3743,-1.0,-0.023552802851772657,-0.005100158628472953,31,-0.003124999999999989,0.001975158628472964,False,False,False
3768,1.0,0.2373299904677568,0.05139178578011291,40,0.05312499999999998,0.0017332142198870706,False,False,False
3794,-3.0,-0.11309979534239614,-0.02449079630667534,28,-0.021875000000000006,0.0026157963066753345,False,False,False
3820,1.0,-0.04356068299334675,-0.009432694470754724,30,-0.009374999999999994,5.7694470754729096e-05,False,False,False
3845,3.0,0.20501618476461314,0.044394506687137236,39,0.046875,0.0024804933128627638,False,False,False
3871,1.0,0.12064948607386036,0.026125617460179017,36,0.02812500000000001,0.0019993825398209944,False,False,False
3897,1.0,0.19710341172251655,0.04268106315518156,38,0.040624999999999994,-0.002056063155181566,False,False,False
3922,-1.0,0.03911715817012511,0.008470487059152265,33,0.009374999999999994,0.0009045129408477293,False,False,False
3948,-3.0,-0.015138574555132225,-0.0032781292369340057,31,-0.003124999999999989,0.0001531292369340168,False,False,False
3974,3.0,0.39684367865499104,0.08593311482225009,45,0.08437499999999998,-0.0015581148222501146,False,False,False
3999,3.0,0.05534387153422335,0.011984243476870287,33,0.009374999999999994,-0.002609243476870292,False,False,False
4025,3.0,0.35148225743230666,0.07611048584239352,44,0.078125,0.0020145141576064785,False,False,False
4050,1.0,-0.01921992658158535,-0.0041619112175565,31,-0.003124999999999989,0.0010369112175565107,False,False,False
4076,-3.0,-0.23010819423492218,-0.04982796738441002,24,-0.046875,0.0029529673844100185,False,False,False
4102,1.0,0.2043823952402939,0.04425726496981659,39,0.046875,0.0026177350301834074,False,False,False
4127,3.0,0.3771971079627453,0.08167881746042163,45,0.08437499999999998,0.0026961825395783456,False,False,False
4153,1.0,0.2262262996507647,0.0489873762121911,39,0.046875,-0.002112376212191097,False,False,False
4179,3.0,0.3721508826134382,0.08058610038897762,44,0.078125,-0.0024611003889776217,False,False,False
4204,-3.0,-0.3287719161255524,-0.07119275507802761,20,-0.071875,-0.0006822449219723858,False,False,False
4230,-3.0,-0.3203022716524865,-0.0693587257860041,20,-0.071875,-0.0025162742139958894,False,False,False
4256,-1.0,-0.28222599118602004,-0.061113631918265576,22,-0.05937500000000001,0.0017386319182655652,False,False,False
4281,3.0,0.18990436567316682,0.04112217111772701,38,0.040624999999999994,-0.0004971711177270133,False,False,False
4307,3.0,0.2700195022830367,0.058470420828116126,41,0.05937500000000001,0.0009045791718838847,False,False,False
4333,3.0,0.2789878586846326,0.06041244193586623,41,0.05937500000000001,-0.001037441935866218,False,False,False
4358,1.0,0.1069619986841309,0.02316170877584213,35,0.021875000000000006,-0.0012867087758421242,False,False,False
4384,-1.0,-0.27857708068308484,-0.06032349146223619,22,-0.05937500000000001,0.0009484914622361756,False,False,False
4409,1.0,-0.19513992954616882,-0.042255887832033184,25,-0.040624999999999994,0.0016308878320331899,False,False,False
4435,1.0,0.06903799036381084,0.014949588142963712,34,0.015625,0.0006754118570362882,False,False,False
4461,-3.0,-0.2625524477855908,-0.056853493846469844,22,-0.05937500000000001,-0.0025215061535301675,False,False,False
4486,-3.0,-0.24359188260137649,-0.05274774512800185,23,-0.053125000000000006,-0.0003772548719981547,False,False,False
4512,-3.0,-0.37237971169954853,-0.08063565137640431,19,-0.078125,0.002510651376404313,False,False,False
4538,-1.0,0.005796570867115387,0.001255197995309861,32,0.003124999999999989,0.001869802004690128,False,False,False
4563,1.0,0.08231475254902315,0.017824557786417304,34,0.015625,-0.002199557786417304,False,False,False
4589,1.0,0.2858019857448948,0.06188798304834538,41,0.05937500000000001,-0.002512983048345366,False,False,False
4615,-3.0,-0.2756634890616972,-0.05969257804011889,22,-0.05937500000000001,0.00031757804011887936,False,False,False
4640,-1.0,0.010046807433516528,0.002175550483020273,32,0.003124999999999989,0.0009494495169797158,False,False,False
4666,-1.0,0.12165710320863522,0.026343808359005814,36,0.02812500000000001,0.0017811916409941966,False,False,False
4691,1.0,-0.0510097000779732,-0.011045715604455612,30,-0.009374999999999994,0.0016707156044556172,False,False,False
4717,-1.0,-0.04493223690932538,-0.009729692776349937,30,-0.009374999999999994,0.00035469277634994287,False,False,False
4743,-3.0,-0.21358411246419814,-0.046249818373826024,24,-0.046875,-0.0006251816261739762,False,False,False
4768,-1.0,0.06911751194061572,0.014966807862359467,34,0.015625,0.0006581921376405328,False,False,False
4794,3.0,0.3347010191428619,0.07247665178039225,43,0.07187500000000002,-0.0006016517803922317,False,False,False
4820,-3.0,-0.24357617426564865,-0.05274434362184121,23,-0.053125000000000006,-0.000380656378158796,False,False,False
4845,3.0,0.048731668378109494,0.010552427264077907,33,0.009374999999999994,-0.0011774272640779123,False,False,False
4871,3.0,0.16037729735597728,0.03472833624384107,37,0.03437499999999999,-0.000353336243841082,False,False,False
4897,1.0,0.06673082765522725,0.014449991731040763,34,0.015625,0.0011750082689592368,False,False,False
4922,-3.0,-0.4265875755352937,-0.09237390207263321,17,-0.09062500000000001,0.0017489020726332016,False,False,False
4948,-1.0,-0.0644141655910958,-0.01394833831467266,29,-0.015625,-0.0016766616853273394,False,False,False
4974,-1.0,-0.1828822355115489,-0.039601588707241606,25,-0.040624999999999994,-0.0010234112927583888,False,False,False
4999,-1.0,-0.198080771023042,-0.04289270197800292,25,-0.040624999999999994,0.0022677019780029256,False,False,False
5025,-1.0,0.02269344328156305,0.00491407164109618,32,0.003124999999999989,-0.0017890716410961915,False,False,False
5050,1.0,0.20078725325371688,0.04347876762753333,38,0.040624999999999994,-0.002853767627533338,False,False,False
5076,1.0,0.04982315294320917,0.010788778939824162,33,0.009374999999999994,-0.0014137789398241674,False,False,False
5102,-1.0,-0.256704558793554,-0.05558718334878557,23,-0.053125000000000006,0.0024621833487855627,False,False,False
5127,3.0,0.1543945767156129,0.033432829102388414,37,0.03437499999999999,0.0009421708976115745,False,False,False
5153,-1.0,-0.1850188371089428,-0.04006425156486991,25,-0.040624999999999994,-0.0005607484351300845,False,False,False
5179,-1.0,-0.21758677319993286,-0.047116560426425126,24,-0.046875,0.00024156042642512615,False,False,False
5204,-3.0,-0.20375951542125825,-0.04412238565615062,24,-0.046875,-0.00275261434384938,False,False,False
5230,3.0,0.28280123351072445,0.061238195738727526,41,0.05937500000000001,-0.0018631957387275147,False,False,False
5256,3.0,0.287354673772287,0.06222420440128028,41,0.05937500000000001,-0.002849204401280267,False,False,False
5281,-3.0,-0.32273366969743555,-0.06988522430069219,20,-0.071875,-0.0019897756993078053,False,False,False
5307,-3.0,-0.10233733724808718,-0.022160277775241297,28,-0.021875000000000006,0.00028527777524129175,False,False,False
5333,3.0,0.2550777960266039,0.055234921742616884,40,0.05312499999999998,-0.002109921742616906,False,False,False
5358,-3.0,-0.26619145163235536,-0.05764148910057718,22,-0.05937500000000001,-0.0017335108994228285,False,False,False
5384,3.0,0.16347856979988717,0.03539989034776643,37,0.03437499999999999,-0.0010248903477664412,False,False,False
5409,-1.0,0.01781170138590177,0.00385697205902835,32,0.003124999999999989,-0.0007319720590283612,False,False,False
5435,3.0,0.30071450400785027,0.0651171617227361,42,0.06562499999999999,0.000507838277263889,False,False,False
5461,1.0,0.023733487784326674,0.005139284409960594,32,0.003124999999999989,-0.0020142844099606053,False,False,False
5486,-3.0,-0.326879263304468,-0.07078291724781662,20,-0.071875,-0.0010920827521833792,False,False,False
5512,3.0,0.26309728952395284,0.05697147467917786,41,0.05937500000000001,0.00240352532082215,False,False,False
5538,1.0,0.07983260871260482,0.017287070703283704,34,0.015625,-0.0016620707032837037,False,False,False
5563,1.0,-0.14572123067311693,-0.03155468997241908,26,-0.03437499999999999,-0.0028203100275809093,False,False,False
5589,-3.0,-0.22749002070173457,-0.04926102423033352,24,-0.046875,0.0023860242303335166,False,False,False
5615,-1.0,-0.08231635524367235,-0.017824904836277793,29,-0.015625,0.0021999048362777926,False,False,False
5640,3.0,0.25899668772624806,0.05608352432472899,40,0.05312499999999998,-0.0029585243247290116,False,False,False
5666,3.0,0.20496455751701875,0.04438332724688379,39,0.046875,0.0024916727531162086,False,False,False
5691,1.0,0.20276612480358375,0.04390727538829577,39,0.046875,0.002967724611704227,False,False,False
5717,3.0,0.1262320007668029,0.027334463416177193,36,0.02812500000000001,0.0007905365838228179,False,False,False
5743,1.0,0.2581827028616742,0.05590726284295845,40,0.05312499999999998,-0.0027822628429584745,False,False,False
5768,-3.0,-0.14473177105527338,-0.03134043092905897,26,-0.03437499999999999,-0.003034569070941018,False,False,False
5794,3.0,0.2702831008501873,0.058527500850191094,41,0.05937500000000001,0.0008474991498089168,False,False,False
5820,3.0,0.20403582433905992,0.044182217996280956,39,0.046875,0.0026927820037190436,False,False,False
5845,3.0,0.25745170790966027,0.05574897211911775,40,0.05312499999999998,-0.0026239721191177734,False,False,False
5871,-3.0,-0.2027741823390648,-0.04390902017889958,24,-0.046875,-0.0029659798211004174,False,False,False
5897,3.0,0.43856103393504403,0.09496665239430258,47,0.09687499999999999,0.0019083476056974136,False,False,False
5922,-3.0,-0.3975426523698954,-0.08608447162023204,18,-0.084375,0.0017094716202320365,False,False,False
5948,1.0,-0.057263876515313575,-0.012400004184105202,30,-0.009374999999999994,0.003025004184105208,False,False,False
5974,1.0,0.10740585594799368,0.023257822281667617,35,0.021875000000000006,-0.0013828222816676117,False,False,False
5999,1.0,-0.11054219111748145,-0.02393696891984544,28,-0.021875000000000006,0.0020619689198454333,False,False,False
6025,-3.0,-0.22440266922688695,-0.048592484593557875,24,-0.046875,0.0017174845935578748,False,False,False
6050,3.0,0.05747641478151075,0.012446027533387603,33,0.009374999999999994,-0.003071027533387609,False,False,False
6076,3.0,0.3453665991360665,0.0747861921850884,43,0.07187500000000002,-0.002911192185088382,False,False,False
6102,3.0,0.3835430663167068,0.08305298063151324,45,0.08437499999999998,0.0013220193684867348,False,False,False
6127,-3.0,-0.24163847047387782,-0.052324750388066874,23,-0.053125000000000006,-0.000800249611933132,False,False,False
6153,1.0,0.2625537537831562,0.05685377664910671,41,0.05937500000000001,0.0025212233508933035,False,False,False
6179,1.0,0.03911524053769916,0.008470071812201607,33,0.009374999999999994,0.0009049281877983872,False,False,False
6204,3.0,0.22622755865722627,0.0489876488393051,39,0.046875,-0.0021126488393050993,False,False,False
6230,1.0,0.013170330478337246,0.002851922764847357,32,0.003124999999999989,0.0002730772351526318,False,False,False
6256,-1.0,-0.08799766632360395,-0.019055144307465487,28,-0.021875000000000006,-0.002819855692534519,False,False,False
6281,-1.0,-0.017130981526594723,-0.003709567977829715,31,-0.003124999999999989,0.0005845679778297263,False,False,False
6307,3.0,0.4224361276756262,0.09147494143701845,46,0.09062500000000001,-0.0008499414370184422,False,False,False
6333,-3.0,-0.14096369709678674,-0.030524486642807984,27,-0.02812500000000001,0.002399486642807973,False,False,False
6358,1.0,0.1217738827201036,0.026369095966463543,36,0.02812500000000001,0.0017559040335364678,False,False,False
6384,-3.0,-0.21205085277763824,-0.0459178040624376,24,-0.046875,-0.0009571959375623967,False,False,False
6409,3.0,0.1704364431722522,0.03690655849844126,37,0.03437499999999999,-0.0025315584984412706,False,False,False
6435,-1.0,-0.0968651976768336,-0.02097533261070276,28,-0.021875000000000006,-0.000899667389297247,False,False,False
6461,-1.0,-0.18548192295449856,-0.040164528856103526,25,-0.040624999999999994,-0.00046047114389646815,False,False,False
6486,1.0,0.29287969743819975,0.06342060116558729,42,0.06562499999999999,0.002204398834412702,False,False,False
6512,1.0,-0.08737910041728163,-0.018921199134813903,28,-0.021875000000000006,-0.002953800865186103,False,False,False
6538,-1.0,-0.27870967649111156,-0.060352203953851866,22,-0.05937500000000001,0.0009772039538518545,False,False,False
6563,-1.0,-0.064233237667249,-0.01390915991549252,29,-0.015625,-0.0017158400845074806,False,False,False
6589,1.0,0.11003887469818052,0.023827980040903703,35,0.021875000000000006,-0.001952980040903697,False,False,False
6615,-1.0,-0.0023734342450877,-0.0005139469480714602,31,-0.003124999999999989,-0.0026110530519285286,False,False,False
6640,-3.0,-0.26997130102207695,-0.058459983256055816,22,-0.05937500000000001,-0.0009150167439441956,False,False,False
6666,-3.0,-0.36479678590451164,-0.0789936334532714,19,-0.078125,0.0008686334532714002,False,False,False
6691,3.0,0.013280573566844499,0.0028757949656473243,32,0.003124999999999989,0.00024920503435266455,False,False,False
6717,3.0,0.1932729800510697,0.04185161583789824,38,0.040624999999999994,-0.0012266158378982442,False,False,False
6743,1.0,-0.06254023810271354,-0.013542555295591946,29,-0.015625,-0.0020824447044080537,False,False,False
6768,3.0,0.3048384986426428,0.06601017759659125,42,0.06562499999999999,-0.00038517759659126294,False,False,False
6794,-1.0,-0.05124954624518234,-0.01109765224685425,30,-0.009374999999999994,0.0017226522468542557,False,False,False
6820,1.0,0.08280749368115403,0.017931256677095282,34,0.015625,-0.002306256677095282,False,False,False
6845,1.0,0.015954710170838583,0.003454856445523325,32,0.003124999999999989,-0.000329856445523336,False,False,False
6871,3.0,0.1181740537626694,0.02558958370060585,36,0.02812500000000001,0.002535416299394161,False,False,False
6897,-1.0,-0.13483327108673954,-0.029196995162998646,27,-0.02812500000000001,0.0010719951629986346,False,False,False
6922,3.0,0.2617195100174571,0.05667312827504026,41,0.05937500000000001,0.0027018717249597535,False,False,False
6948,3.0,0.3471631525634562,0.07517522051101115,44,0.078125,0.002949779488988849,False,False,False
6974,-1.0,-0.11721664261867265,-0.025382264480987612,27,-0.02812500000000001,-0.0027427355190123986,False,False,False
6999,1.0,0.05825693033057848,0.012615041520270081,34,0.015625,0.003009958479729919,False,False,False
7025,1.0,0.028374515000126367,0.00614425928062052,32,0.003124999999999989,-0.003019259280620531,False,False,False
7050,-3.0,-0.14592649225197885,-0.03159913761710559,26,-0.03437499999999999,-0.0027758623828944007,False,False,False
7076,3.0,0.3261267821438949,0.0706199738687202,43,0.07187500000000002,0.0012550261312798267,False,False,False
7102,1.0,0.12616155346591043,0.02731920865385612,36,0.02812500000000001,0.0008057913461438915,False,False,False
7127,3.0,0.32922966125644393,0.07129187588303967,43,0.07187500000000002,0.0005831241169603485,False,False,False
7153,-1.0,0.05654913736197564,0.012245233514858503,33,0.009374999999999994,-0.002870233514858508,False,False,False
7179,1.0,0.14038128969429414,0.030398371285845868,36,0.02812500000000001,-0.002273371285845857,False,False,False
7204,-3.0,-0.2506811861719543,-0.05428287336742606,23,-0.053125000000000006,0.0011578733674260516,False,False,False
7230,3.0,0.29336137167000625,0.06352490361336484,42,0.06562499999999999,0.00210009638663515,False,False,False
7256,-1.0,0.02010735425907749,0.004354076114235278,32,0.003124999999999989,-0.0012290761142352887,False,False,False
7281,1.0,0.13361038907190442,0.02893219048990656,36,0.02812500000000001,-0.0008071904899065487,False,False,False
7307,-1.0,-0.2733236693783534,-0.059185910038769746,22,-0.05937500000000001,-0.00018908996123026545,False,False,False
7333,1.0,0.018029026766465464,0.003904032017108251,32,0.003124999999999989,-0.0007790320171082621,False,False,False
7358,-3.0,-0.25282191926386566,-0.05474643086496388,23,-0.053125000000000006,0.0016214308649638715,False,False,False
7384,3.0,0.228086416205668,0.04939016859138946,39,0.046875,-0.0025151685913894634,False,False,False
7409,-3.0,-0.33608831859003796,-0.07277705964650993,20,-0.071875,0.0009020596465099395,False,False,False
7435,-3.0,-0.3275314239652439,-0.07092413707809073,20,-0.071875,-0.0009508629219092679,False,False,False
7461,-3.0,-0.11807834136296266,-0.025568857996565924,27,-0.02812500000000001,-0.002556142003434087,False,False,False
7486,-3.0,-0.2956436377593728,-0.06401910887468379,21,-0.06562500000000002,-0.0016058911253162278,False,False,False
7512,3.0,0.18827773201972933,0.04076993746998858,38,0.040624999999999994,-0.00014493746998858748,False,False,False
7538,-3.0,-0.33823458745556045,-0.07324181586862102,20,-0.071875,0.0013668158686210297,False,False,False
7563,-3.0,-0.2627332303277031,-0.05689264076447508,22,-0.05937500000000001,-0.0024823592355249294,False,False,False
7589,3.0,0.14749446015634296,0.03193866769711085,37,0.03437499999999999,0.0024363323028891368,False,False,False
7615,3.0,0.35703785398088234,0.07731350290375365,44,0.078125,0.0008114970962463525,False,False,False
7640,3.0,0.08347770174827217,0.01807638451932688,34,0.015625,-0.002451384519326881,False,False,False
7666,-1.0,0.04354668215458618,0.00942966270850293,33,0.009374999999999994,-5.46627085029356e-05,False,False,False
7691,1.0,0.12638954089051616,0.027368577386660597,36,0.02812500000000001,0.0007564226133394136,False,False,False
7717,3.0,0.09533430394584592,0.020643830626819598,35,0.021875000000000006,0.0012311693731804074,False,False,False
7743,1.0,0.04162885971530564,0.009014374612086823,33,0.009374999999999994,0.0003606253879131719,False,False,False
7768,3.0,0.14534969096557154,0.03147423621677975,37,0.03437499999999999,0.0029007637832202393,False,False,False
7794,-1.0,0.10138001715076611,0.021952978271004404,35,0.021875000000000006,-7.797827100439886e-05,False,False,False
7820,1.0,0.08724171716531892,0.018891449963035302,35,0.021875000000000006,0.0029835500369647036,False,False,False
7845,1.0,0.1641438001300082,0.03554394030349528,37,0.03437499999999999,-0.0011689403034952917,False,False,False
7871,3.0,0.3791254092008619,0.0820963746513755,45,0.08437499999999998,0.002278625348624483,False,False,False
7897,3.0,0.324903937421461,0.07035517727097963,43,0.07187500000000002,0.0015198227290203897,False,False,False
7922,-3.0,-0.17602528120239938,-0.038116773719193524,25,-0.040624999999999994,-0.0025082262808064706,False,False,False
7948,-3.0,-0.4573222110463139,-0.0990292253257085,16,-0.096875,0.0021542253257084976,False,False,False
7974,3.0,0.22823189337904604,0.04942167043283564,39,0.046875,-0.002546670432835643,False,False,False
7999,-3.0,-0.3106920908156907,-0.06727772306949385,21,-0.06562500000000002,0.001652723069493836,False,False,False
8025,3.0,0.17640253972493522,0.038198465835456094,38,0.040624999999999994,0.0024265341645439004,False,False,False
8050,1.0,0.18765161310491338,0.040634356757750394,38,0.040624999999999994,-9.35675775039918e-06,False,False,False
8076,3.0,0.3814193565528222,0.08259310939050579,45,0.08437499999999998,0.0017818906094941855,False,False,False
8102,-3.0,-0.08102189435640811,-0.017544600368696997,29,-0.015625,0.001919600368696997,False,False,False
8127,-1.0,-0.06275984847803126,-0.013590110049802241,29,-0.015625,-0.002034889950197759,False,False,False
8153,-1.0,-0.02775142586066399,-0.006009334640401041,31,-0.003124999999999989,0.002884334640401052,False,False,False
8179,-3.0,-0.1643155478198214,-0.035581130801273134,26,-0.03437499999999999,0.0012061308012731448,False,False,False
8204,1.0,0.003025705518679908,0.0006551907306077617,32,0.003124999999999989,0.002469809269392227,False,False,False
8230,1.0,0.20942169099823155,0.045348481497336474,39,0.046875,0.0015265185026635264,False,False,False
8256,-3.0,-0.2782776627119784,-0.06025865505365802,22,-0.05937500000000001,0.0008836550536580057,False,False,False
8281,-3.0,-0.09403858606256402,-0.020363253967469325,28,-0.021875000000000006,-0.0015117460325306808,False,False,False
8307,-1.0,0.12614806040835763,0.027316286847295097,36,0.02812500000000001,0.0008087131527049138,False,False,False
8333,1.0,-0.05426221492310042,-0.01175001996075705,30,-0.009374999999999994,0.0023750199607570563,False,False,False
8358,1.0,0.05875491724350595,0.01272287634005004,34,0.015625,0.0029021236599499605,False,False,False
8384,3.0,0.10715603702105421,0.02320372612318474,35,0.021875000000000006,-0.0013287261231847355,False,False,False
8409,3.0,0.27734512125319755,0.06005672115231551,41,0.05937500000000001,-0.0006817211523154967,False,False,False
8435,-1.0,0.006248237085692748,0.0013530024636937005,32,0.003124999999999989,0.0017719975363062884,False,False,False
8461,-3.0,-0.3551526438696664,-0.07690527672890245,19,-0.078125,-0.001219723271097553,False,False,False
8486,-1.0,-0.18724502553927058,-0.040546313687284764,25,-0.040624999999999994,-7.868631271523013e-05,False,False,False
8512,3.0,0.11441452441327232,0.024775489676595396,35,0.021875000000000006,-0.00290048967659539,False,False,False
8538,-1.0,-0.11758940996188298,-0.025462984070662466,27,-0.02812500000000001,-0.0026620159293375446,False,False,False
8563,-3.0,-0.1890254319761881,-0.04093184552010226,25,-0.040624999999999994,0.00030684552010226684,False,False,False
8589,3.0,0.16879103280670074,0.03655025891379905,37,0.03437499999999999,-0.0021752589137990636,False,False,False
8615,-1.0,-0.2099400046792106,-0.04546071790541653,24,-0.046875,-0.0014142820945834689,False,False,False
8640,-3.0,-0.1256279515599265,-0.027203661711010234,27,-0.02812500000000001,-0.0009213382889897773,False,False,False
8666,1.0,-0.04145076687710435,-0.008975810126529097,30,-0.009374999999999994,-0.0003991898734708975,False,False,False
8692,1.0,0.2286592976241651,0.04951422117774308,39,0.046875,-0.0026392211777430813,False,False,False
8717,-1.0,-0.1687011953505318,-0.03653080537868801,26,-0.03437499999999999,0.002155805378688022,False,False,False
8743,1.0,0.29502325991970174,0.06388477134331547,42,0.06562499999999999,0.0017402286566845226,False,False,False
8768,-1.0,0.05486314039491873,0.011880145247732508,33,0.009374999999999994,-0.0025051452477325136,False,False,False
8794,-3.0,-0.31485406378857383,-0.06817896282863037,21,-0.06562500000000002,0.0025539628286303517,False,False,False
8820,-3.0,-0.09052829381569538,-0.01960313011282662,28,-0.021875000000000006,-0.002271869887173386,False,False,False
8845,1.0,0.05301502936288137,0.011479952562142534,33,0.009374999999999994,-0.0021049525621425393,False,False,False
8871,3.0,0.21181189071283024,0.04586605886487542,39,0.046875,0.0010089411351245775,False,False,False
8897,1.0,0.07004737284531934,0.015168161312573014,34,0.015625,0.0004568386874269862,False,False,False
8922,-1.0,-0.05830703946363547,-0.012625892225765023,29,-0.015625,-0.0029991077742349773,False,False,False
8948,3.0,0.26591743369330295,0.05758215285236036,41,0.05937500000000001,0.0017928471476396507,False,False,False
8974,1.0,0.10224657646648394,0.022140624301880484,35,0.021875000000000006,-0.000265624301880478,False,False,False
8999,-3.0,-0.19447407248523096,-0.04211170216308989,25,-0.040624999999999994,0.0014867021630898952,False,False,False
9025,-1.0,-0.06616676872197103,-0.014327849578638877,29,-0.015625,-0.0012971504213611235,False,False,False
9050,1.0,0.09670135792672716,0.020939854509839338,35,0.021875000000000006,0.0009351454901606673,False,False,False
9076,3.0,0.3184871928472638,0.06896568594747304,43,0.07187500000000002,0.002909314052526979,False,False,False
9102,1.0,0.17144229885863443,0.03712436797063809,37,0.03437499999999999,-0.0027493679706381002,False,False,False
9127,-3.0,-0.17110039476376535,-0.03705033155422808,26,-0.03437499999999999,0.00267533155422809,False,False,False
9153,1.0,0.2907050118443584,0.06294969154326135,42,0.06562499999999999,0.0026753084567386343,False,False,False
9179,-3.0,-0.24388182903521116,-0.05281053055594534,23,-0.053125000000000006,-0.0003144694440546658,False,False,False
9204,-1.0,0.0590587893559162,0.012788677254948127,34,0.015625,0.002836322745051873,False,False,False
9230,1.0,0.1775011940483812,0.03843637006123746,38,0.040624999999999994,0.0021886299387625374,False,False,False
9256,1.0,-0.1472944377533444,-0.03189535455128439,26,-0.03437499999999999,-0.002479645448715602,False,False,False
9281,1.0,0.027982213121818172,0.006059309653936541,32,0.003124999999999989,-0.002934309653936552,False,False,False
9307,1.0,-0.036555930582195674,-0.007915875063957035,30,-0.009374999999999994,-0.0014591249360429593,False,False,False
9333,-3.0,-0.3695881578587677,-0.08003116419509063,19,-0.078125,0.001906164195090626,False,False,False
9358,-3.0,-0.2416017731674514,-0.05231680389926929,23,-0.053125000000000006,-0.0008081961007307126,False,False,False
9384,-3.0,-0.39300443199342977,-0.08510175869402076,18,-0.084375,0.0007267586940207516,False,False,False
9409,3.0,0.44921557609041374,0.09727380264933257,47,0.09687499999999999,-0.0003988026493325775,False,False,False
9435,3.0,0.13590368219464072,0.0294287835612769,36,0.02812500000000001,-0.0013037835612768889,False,False,False
9461,-1.0,-0.16570470544468952,-0.035881941039925785,26,-0.03437499999999999,0.0015069410399257965,False,False,False
9486,3.0,0.33831476295400287,0.07325917718917155,43,0.07187500000000002,-0.001384177189171526,False,False,False
9512,1.0,0.25298265133641107,0.05478123602474991,40,0.05312499999999998,-0.0016562360247499297,False,False,False
9538,1.0,0.20405980675942828,0.044187411184919374,39,0.046875,0.0026875888150806257,False,False,False
9563,1.0,0.15044015206476397,0.032576532162673866,37,0.03437499999999999,0.0017984678373261231,False,False,False
9589,-1.0,-0.0643631757143227,-0.013937296891635873,29,-0.015625,-0.0016877031083641272,False,False,False
9615,-3.0,-0.4398561073479653,-0.09524708949909153,16,-0.096875,-0.0016279105009084777,False,False,False
9640,1.0,-0.07274561820276024,-0.0157524433374384,29,-0.015625,0.00012744333743840153,False,False,False
9666,-3.0,-0.3157822422886257,-0.06837995196846201,21,-0.06562500000000002,0.0027549519684619966,False,False,False
9692,-3.0,-0.40653039807122826,-0.08803069131551236,17,-0.09062500000000001,-0.0025943086844876506,False,False,False
9717,1.0,-0.08673841424880356,-0.018782464008006636,28,-0.021875000000000006,-0.00309253599199337,False,False,False
9743,-1.0,-0.04031901639715077,-0.008730739210258983,30,-0.009374999999999994,-0.0006442607897410111,False,False,False
9768,-3.0,-0.27534863023292344,-0.059624398045473315,22,-0.05937500000000001,0.0002493980454733036,False,False,False
9794,-3.0,-0.17527350714161183,-0.03795398345652638,25,-0.040624999999999994,-0.0026710165434736116,False,False,False
9820,1.0,-0.0937702036059494,-0.02030513803492197,28,-0.021875000000000006,-0.001569861965078037,False,False,False
9845,1.0,-0.04124192944252715,-0.008930588160777922,30,-0.009374999999999994,-0.0004444118392220725,False,False,False
9871,1.0,0.01973408171080014,0.004273247126710984,32,0.003124999999999989,-0.0011482471267109948,False,False,False
9897,-3.0,-0.47878085923702873,-0.10367591261868192,15,-0.10312500000000001,0.0005509126186819119,False,False,False
9922,3.0,0.34532500763862384,0.07477718590095785,43,0.07187500000000002,-0.002902185900957824,False,False,False
9948,-1.0,0.016414977946665486,0.0035545235077861746,32,0.003124999999999989,-0.0004295235077861857,False,False,False
9974,-1.0,-0.025344387017155356,-0.005488110903079814,31,-0.003124999999999989,0.002363110903079825,False,False,False
9999,3.0,0.09013802692872802,0.019518621146165593,35,0.021875000000000006,0.002356378853834412,False,False,False
10025,1.0,-0.11177613412910102,-0.024204168757476746,28,-0.021875000000000006,0.0023291687574767406,False,False,False
10050,3.0,0.08760213496517688,0.018969495364398736,35,0.021875000000000006,0.0029055046356012693,False,False,False
10076,1.0,0.09756977174536707,0.021127902117510297,35,0.021875000000000006,0.0007470978824897084,False,False,False
10102,-3.0,-0.08824174616906061,-0.01910799771678901,28,-0.021875000000000006,-0.002767002283210994,False,False,False
10127,1.0,0.1440458074348997,0.031191891356113666,36,0.02812500000000001,-0.0030668913561136546,False,False,False
10153,-3.0,-0.06344710888160342,-0.01373893043009179,29,-0.015625,-0.0018860695699082098,False,False,False
10179,1.0,0.11684427222591315,0.025301630847548218,36,0.02812500000000001,0.0028233691524517934,False,False,False
10204,-3.0,-0.19860287257669276,-0.04300575861761177,25,-0.040624999999999994,0.002380758617611778,False,False,False
10230,1.0,0.1915205748601346,0.04147214743613831,38,0.040624999999999994,-0.0008471474361383124,False,False,False
10256,-1.0,-0.044521150866198206,-0.009640675598942423,30,-0.009374999999999994,0.0002656755989424286,False,False,False
10281,-3.0,-0.38192478271322927,-0.08270255511589483,18,-0.084375,-0.0016724448841051731,False,False,False
10307,1.0,0.010052355827998299,0.0021767519405354804,32,0.003124999999999989,0.0009482480594645085,False,False,False
10333,-3.0,-0.19496395675400433,-0.04221778242436758,25,-0.040624999999999994,0.0015927824243675837,False,False,False
10358,-1.0,-0.19982548029592773,-0.043270503894330486,25,-0.040624999999999994,0.002645503894330492,False,False,False
10384,3.0,0.22018447765481386,0.0476790711761292,39,0.046875,-0.000804071176129198,False,False,False
10409,-1.0,-0.20853729255781034,-0.045156972556115796,24,-0.046875,-0.0017180274438842041,False,False,False
10435,3.0,0.31253038271553857,0.06767578950573355,42,0.06562499999999999,-0.0020507895057335634,False,False,False
10461,-3.0,-0.29909120847624115,-0.06476565091681626,21,-0.06562500000000002,-0.0008593490831837608,False,False,False
10486,3.0,0.41176104560711513,0.08916334343893663,46,0.09062500000000001,0.001461656561063382,False,False,False
10512,3.0,0.40422776436063484,0.08753207561948648,46,0.09062500000000001,0.0030929243805135342,False,False,False
10538,1.0,0.0939575973838851,0.020345716559672336,35,0.021875000000000006,0.0015292834403276695,False,False,False
10563,1.0,0.0646180070128839,0.013992478436454153,34,0.015625,0.0016325215635458468,False,False,False
10589,-1.0,-0.07161593956776655,-0.015507821061528215,29,-0.015625,-0.00011717893847178543,False,False,False
10615,-3.0,-0.3113298656827389,-0.06741582777880045,21,-0.06562500000000002,0.0017908277788004356,False,False,False
10640,-3.0,-0.34582072769329497,-0.07488452985191135,20,-0.071875,0.003009529851911358,False,False,False
10666,-1.0,-0.32959418904835536,-0.07137081126813735,20,-0.071875,-0.0005041887318626426,False,False,False
10692,-1.0,-0.06238344892527513,-0.01350860393612123,29,-0.015625,-0.00211639606387877,False,False,False
10717,-1.0,0.046078095258460766,0.00997781863139698,33,0.009374999999999994,-0.0006028186313969848,False,False,False
10743,-1.0,-0.1414550420104086,-0.030630883194273033,27,-0.02812500000000001,0.0025058831942730217,False,False,False
10768,1.0,0.14325011848401353,0.031019591698447327,36,0.02812500000000001,-0.002894591698447316,False,False,False
10794,-3.0,-0.3469298148243945,-0.07512469321323206,19,-0.078125,-0.0030003067867679367,False,False,False
10820,-1.0,-0.3176341715466202,-0.06878097145832592,20,-0.071875,-0.0030940285416740793,False,False,False
10845,-1.0,-0.1565962474744284,-0.03390958213209354,26,-0.03437499999999999,-0.0004654178679064508,False,False,False
10871,-1.0,-0.17650036631142224,-0.0382196493486161,25,-0.040624999999999994,-0.002405350651383892,False,False,False
10897,-3.0,-0.29218638431284183,-0.06327047012000513,21,-0.06562500000000002,-0.0023545298799948905,False,False,False
10922,3.0,0.3204556711487515,0.06939194313891975,43,0.07187500000000002,0.002483056861080274,False,False,False
10948,1.0,-0.0021406928241043937,-0.0004635487778875467,31,-0.003124999999999989,-0.002661451222112442,False,False,False
10974,1.0,0.0405463169933733,0.008779959216233483,33,0.009374999999999994,0.0005950407837665116,False,False,False
10999,3.0,0.1291408000216076,0.027964339092174356,36,0.02812500000000001,0.0001606609078256549,False,False,False
11025,-1.0,0.05685990676402866,0.012312527979017229,33,0.009374999999999994,-0.002937527979017234,False,False,False
11050,-1.0,-0.20950699054819455,-0.045366952387552235,24,-0.046875,-0.0015080476124477646,False,False,False
11076,-3.0,-0.314731379598941,-0.06815239661346387,21,-0.06562500000000002,0.0025273966134638504,False,False,False
11102,1.0,-0.008127874782668756,-0.0017600219797558121,31,-0.003124999999999989,-0.0013649780202441768,False,False,False
11127,3.0,0.4529160252100352,0.09807510335334799,47,0.09687499999999999,-0.0012001033533479977,False,False,False
11153,-3.0,-0.18423531277570937,-0.03989458605143155,25,-0.040624999999999994,-0.0007304139485684452,False,False,False
11179,-1.0,-0.0738784867453531,-0.015997756360639614,29,-0.015625,0.0003727563606396138,False,False,False
11204,-3.0,-0.3097102804780335,-0.06706512041253451,21,-0.06562500000000002,0.0014401204125344957,False,False,False
11230,-1.0,-0.04648635455641076,-0.010066223701239305,30,-0.009374999999999994,0.0006912237012393109,False,False,False
11256,1.0,-0.057942177165844974,-0.012546884406271481,29,-0.015625,-0.003078115593728519,False,False,False
11281,3.0,0.2769308772020893,0.05996702013520726,41,0.05937500000000001,-0.0005920201352072468,False,False,False
11307,-3.0,0.009059729760687852,0.0019618072295428633,32,0.003124999999999989,0.0011631927704571256,False,False,False
11333,-1.0,0.09218548594657736,0.01996198093829084,35,0.021875000000000006,0.001913019061709164,False,False,False
11358,-3.0,-0.30397495539352537,-0.06582318466922021,21,-0.06562500000000002,0.00019818466922019717,False,False,False
11384,1.0,-0.0378904489828369,-0.008204853644498848,30,-0.009374999999999994,-0.0011701463555011463,False,False,False
11409,1.0,-0.01831646965066582,-0.003966275322725553,31,-0.003124999999999989,0.000841275322725564,False,False,False
11435,1.0,0.19630876451164897,0.04250898907743361,38,0.040624999999999994,-0.0018839890774336177,False,False,False
11461,-3.0,-0.2907684517504973,-0.06296342891399895,21,-0.06562500000000002,-0.002661571086001069,False,False,False
11486,-3.0,-0.3346196857557915,-0.07245903972893236,20,-0.071875,0.0005840397289323673,False,False,False
11512,1.0,0.2080486905009378,0.045051169946892164,39,0.046875,0.001823830053107836,False,False,False
11538,-1.0,-0.008656374352403516,-0.0018744640551933182,31,-0.003124999999999989,-0.0012505359448066707,False,False,False
11563,3.0,0.15132804187024174,0.032768797129227506,37,0.03437499999999999,0.001606202870772483,False,False,False
11589,3.0,0.33050111853521236,0.07156719911534695,43,0.07187500000000002,0.00030780088465307,False,False,False
11615,3.0,0.29915269780554904,0.0647789659067732,42,0.06562499999999999,0.0008460340932267829,False,False,False
11640,-3.0,-0.1594906833494767,-0.034536347540677484,26,-0.03437499999999999,0.00016134754067749502,False,False,False
11666,-1.0,-0.19454275829247664,-0.04212657548898162,25,-0.040624999999999994,0.001501575488981624,False,False,False
11692,-1.0,-0.0036012349037964197,-0.0007798167115542504,31,-0.003124999999999989,-0.0023451832884457385,False,False,False
11717,3.0,0.40218412837599526,0.08708954367260474,45,0.08437499999999998,-0.0027145436726047634,False,False,False
11743,3.0,0.24789926897446393,0.05368047291904757,40,0.05312499999999998,-0.0005554729190475893,False,False,False
11768,3.0,0.2578126004545733,0.05582712032247486,40,0.05312499999999998,-0.0027021203224748824,False,False,False
11794,3.0,0.37503474966849903,0.08121057720971112,44,0.078125,-0.0030855772097111156,False,False,False
11820,-1.0,-0.3315952113141046,-0.07180411557755034,20,-0.071875,-7.088442244965187e-05,False,False,False
11845,1.0,0.25517656706741654,0.055256309769307996,40,0.05312499999999998,-0.002131309769308018,False,False,False
11871,1.0,-0.026074224427841353,-0.00564615097121597,31,-0.003124999999999989,0.0025211509712159807,False,False,False
11897,-3.0,-0.15321350210564694,-0.03317707746633908,26,-0.03437499999999999,-0.0011979225336609112,False,False,False
11922,-3.0,-0.20772296740690854,-0.044980637388242525,24,-0.046875,-0.0018943626117574747,False,False,False
11948,-3.0,-0.3375517167761758,-0.0730939460456741,20,-0.071875,0.001218946045674102,False,False,False
11974,-1.0,-0.3182766027816174,-0.0689200844644081,20,-0.071875,-0.0029549155355918927,False,False,False
11999,-1.0,0.07438178002131537,0.016106740228088706,34,0.015625,-0.0004817402280887055,False,False,False
12025,3.0,0.32183597249524637,0.069690835626006,43,0.07187500000000002,0.0021841643739940186,False,False,False
12050,1.0,0.028611803443485722,0.006195642069728575,32,0.003124999999999989,-0.003070642069728586,False,False,False
12076,-1.0,-0.10638880408420508,-0.0230375883727205,28,-0.021875000000000006,0.001162588372720496,False,False,False
12102,-3.0,-0.19445219545695092,-0.04210696487915598,25,-0.040624999999999994,0.0014819648791559864,False,False,False
12127,-3.0,-0.2995614506902329,-0.06486747785861405,21,-0.06562500000000002,-0.000757522141385969,False,False,False
12153,3.0,0.29643967468096766,0.06419148388243998,42,0.06562499999999999,0.001433516117560013,False,False,False
12179,1.0,0.163476122480114,0.035399360401537225,37,0.03437499999999999,-0.001024360401537236,False,False,False
12204,-1.0,-0.07426719033170417,-0.01608192680788204,29,-0.015625,0.0004569268078820389,False,False,False
12230,1.0,0.10037525433208244,0.021735405449989045,35,0.021875000000000006,0.00013959455001096022,False,False,False
12256,1.0,0.1936072895927695,0.04192400771857636,38,0.040624999999999994,-0.001299007718576363,False,False,False
12281,1.0,0.2569776440295455,0.05564631762810744,40,0.05312499999999998,-0.002521317628107464,False,False,False
12307,1.0,0.018580948909767324,0.004023546051133009,32,0.003124999999999989,-0.0008985460511330198,False,False,False
12333,-1.0,-0.08078588712117063,-0.017493495014283204,29,-0.015625,0.0018684950142832044,False,False,False
12358,1.0,0.041895026769462336,0.0090720108181221,33,0.009374999999999994,0.0003029891818778947,False,False,False
12384,1.0,-0.11314670031677519,-0.024500953178929696,28,-0.021875000000000006,0.002625953178929691,False,False,False
12409,-1.0,0.012158220499352366,0.002632758978916258,32,0.003124999999999989,0.0004922410210837307,False,False,False
12435,-3.0,-0.09562111091051367,-0.020705936229484495,28,-0.021875000000000006,-0.0011690637705155105,False,False,False
12461,1.0,-0.0750866408487991,-0.01625937183010175,29,-0.015625,0.0006343718301017494,False,False,False
12486,1.0,0.0778740245951081,0.01686295601301492,34,0.015625,-0.0012379560130149209,False,False,False
12512,1.0,0.0030653023632841257,0.0006637650896740776,32,0.003124999999999989,0.0024612349103259115,False,False,False
12538,3.0,0.20420530023218397,0.04421891655585686,39,0.046875,0.0026560834441431425,False,False,False
12563,1.0,0.11035648852585944,0.02389675660707099,35,0.021875000000000006,-0.0020217566070709833,False,False,False
12589,3.0,0.14832833059501865,0.03211923523039366,37,0.03437499999999999,0.0022557647696063304,False,False,False
12615,1.0,-0.15229514925349408,-0.032978215986779025,26,-0.03437499999999999,-0.0013967840132209641,False,False,False
12640,-1.0,-0.050765073300973934,-0.010992743761770037,30,-0.009374999999999994,0.0016177437617700425,False,False,False
12666,3.0,0.23135244147458073,0.05009739851476147,40,0.05312499999999998,0.003027601485238507,False,False,False
12692,1.0,0.215149764160479,0.04658884689872065,39,0.046875,0.0002861531012793503,False,False,False
12717,3.0,0.202632736336244,0.0438783912530647,39,0.046875,0.002996608746935303,False,False,False
12743,-1.0,0.03804171297736251,0.008237608572721695,33,0.009374999999999994,0.0011373914272782993,False,False,False
12768,-1.0,0.07022849984298599,0.015207382819491452,34,0.015625,0.0004176171805085477,False,False,False
12794,-1.0,0.02027131892384073,0.0043895812643025625,32,0.003124999999999989,-0.0012645812643025736,False,False,False
12820,3.0,0.2834605809533487,0.06138097180533098,41,0.05937500000000001,-0.002005971805330971,False,False,False
12845,-1.0,-0.02244775526032578,-0.004860869995019853,31,-0.003124999999999989,0.0017358699950198644,False,False,False
12871,1.0,0.21807060741729828,0.04722133060065774,39,0.046875,-0.0003463306006577377,False,False,False
12897,-3.0,-0.2163152732954725,-0.04684122796388772,24,-0.046875,-3.377203611228119e-05,False,False,False
12922,1.0,0.04608526395450804,0.009979370951400274,33,0.009374999999999994,-0.0006043709514002796,False,False,False
12948,3.0,0.26437782557630835,0.05724876384249286,41,0.05937500000000001,0.0021262361575071498,False,False,False
12974,-3.0,-0.056608267243584184,-0.012258037586534615,30,-0.009374999999999994,0.002883037586534621,False,False,False
12999,-1.0,-0.0525735862490897,-0.011384361819930112,30,-0.009374999999999994,0.002009361819930118,False,False,False
13025,-1.0,-0.29857360405490896,-0.06465356809286503,21,-0.06562500000000002,-0.000971431907134987,False,False,False
13050,-1.0,-0.2949461869110436,-0.06386808184047352,21,-0.06562500000000002,-0.0017569181595264993,False,False,False
13076,1.0,0.20813109000347046,0.045069012856564866,39,0.046875,0.0018059871434351338,False,False,False
13102,-3.0,-0.4208386236754396,-0.09112901556731001,17,-0.09062500000000001,0.0005040155673100011,False,False,False
13127,1.0,0.22794547567079304,0.0493596491203283,39,0.046875,-0.0024846491203283014,False,False,False
13153,3.0,0.2831738223295513,0.06131887667046937,41,0.05937500000000001,-0.0019438766704693577,False,False,False
13179,-1.0,-0.1736290542943043,-0.03759789121429539,25,-0.040624999999999994,-0.003027108785704606,False,False,False
13204,1.0,0.07735523987874518,0.0167506176062389,34,0.015625,-0.0011256176062389017,False,False,False
13230,-3.0,-0.4711118774904276,-0.10201526001301608,15,-0.10312500000000001,-0.0011097399869839236,False,False,False
13256,1.0,0.2391320615870093,0.05178200891516052,40,0.05312499999999998,0.0013429910848394566,False,False,False
13281,1.0,0.16068540136240494,0.0347950535393043,37,0.03437499999999999,-0.0004200535393043131,False,False,False
13307,3.0,0.3340383204327013,0.07233315002537938,43,0.07187500000000002,-0.0004581500253793558,False,False,False
13333,3.0,0.298478052464115,0.06463287721062402,42,0.06562499999999999,0.0009921227893759654,False,False,False
13358,-3.0,-0.24927343577377636,-0.05397803702224929,23,-0.053125000000000006,0.0008530370222492867,False,False,False
13384,1.0,0.17543695527652908,0.0379893767564598,38,0.040624999999999994,0.0026356232435401916,False,False,False
13409,3.0,0.2940213188571671,0.06366780954953374,42,0.06562499999999999,0.001957190450466245,False,False,False
13435,1.0,-0.10461115682626748,-0.02265265401658424,28,-0.021875000000000006,0.0007776540165842331,False,False,False
13461,-1.0,-0.15229182160745997,-0.03297749541340436,26,-0.03437499999999999,-0.001397504586595627,False,False,False
13486,3.0,0.06769016457949795,0.01465772796195667,34,0.015625,0.0009672720380433306,False,False,False
13512,3.0,0.2824518288251868,0.06116253513336399,41,0.05937500000000001,-0.0017875351333639794,False,False,False
13538,-1.0,0.06812427485958858,0.01475173084155645,34,0.015625,0.0008732691584435494,False,False,False
13563,3.0,0.3083845497571399,0.06677804472911164,42,0.06562499999999999,-0.001153044729111652,False,False,False
13589,1.0,0.01086654834143571,0.002353058386896857,32,0.003124999999999989,0.000771941613103132,False,False,False
13615,3.0,0.2652764126902187,0.057443345219974205,41,0.05937500000000001,0.0019316547800258058,False,False,False
13640,-3.0,-0.32564012017078403,-0.0705145913680925,20,-0.071875,-0.001360408631907492,False,False,False
13666,1.0,0.01142470170700366,0.0024739217389712236,32,0.003124999999999989,0.0006510782610287653,False,False,False
13692,3.0,0.1500686000905872,0.03249607575080009,37,0.03437499999999999,0.0018789242491999009,False,False,False
13717,-1.0,-0.16465751494404657,-0.035655180866152755,26,-0.03437499999999999,0.0012801808661527664,False,False,False
13743,-1.0,-0.1333932139254801,-0.028885163063748547,27,-0.02812500000000001,0.0007601630637485354,False,False,False
13768,1.0,0.1804127757316944,0.03906684824840302,38,0.040624999999999994,0.0015581517515969728,False,False,False
13794,-1.0,-0.28896211354989976,-0.06257228177887042,21,-0.06562500000000002,-0.0030527182211295967,False,False,False
13820,3.0,0.26120722648323813,0.056562197643823475,41,0.05937500000000001,0.002812802356176536,False,False,False
13845,-3.0,-0.12051750300386463,-0.026097037651759313,27,-0.02812500000000001,-0.002027962348240698,False,False,False
13871,1.0,0.0765946582690805,0.016585920143962242,34,0.015625,-0.000960920143962242,False,False,False
13897,-3.0,-0.1469128927325872,-0.03181273423038192,26,-0.03437499999999999,-0.0025622657696180717,False,False,False
13922,-3.0,-0.30358050114973456,-0.06573776896614367,21,-0.06562500000000002,0.0001127689661436504,False,False,False
13948,-3.0,-0.19792841296646363,-0.04285971013997136,25,-0.040624999999999994,0.0022347101399713687,False,False,False
13974,3.0,0.21559603491439286,0.04668548302523744,39,0.046875,0.00018951697476256302,False,False,False
13999,3.0,0.38231927637909735,0.08278797935548604,45,0.08437499999999998,0.0015870206445139368,False,False,False
14025,-3.0,-0.2900327074268475,-0.06280410975422729,21,-0.06562500000000002,-0.002820890245772728,False,False,False
14050,-1.0,-0.11274741673061782,-0.02441449172294232,28,-0.021875000000000006,0.002539491722942315,False,False,False
14076,1.0,0.2530872200579857,0.054803879489774554,40,0.05312499999999998,-0.0016788794897745762,False,False,False
14102,3.0,0.3249495324364081,0.0703650504826887,43,0.07187500000000002,0.0015099495173113153,False,False,False
14127,1.0,0.008471427316673408,0.0018344153516048128,32,0.003124999999999989,0.001290584648395176,False,False,False
14153,-3.0,-0.2604119578810057,-0.05638998900907397,22,-0.05937500000000001,-0.002985010990926039,False,False,False
14179,1.0,0.02941521901365901,0.0063696148609185,33,0.009374999999999994,0.0030053851390814948,False,False,False
14204,3.0,0.1260217669556466,0.02728893907698439,36,0.02812500000000001,0.0008360609230156218,False,False,False
14230,-3.0,-0.29403873845218775,-0.06367158161430282,21,-0.06562500000000002,-0.001953418385697195,False,False,False
14256,1.0,0.11217885582957249,0.024291374707802862,35,0.021875000000000006,-0.002416374707802857,False,False,False
14281,1.0,-0.003288418988413624,-0.0007120790923841114,31,-0.003124999999999989,-0.0024129209076158772,False,False,False
14307,3.0,0.20289050492686578,0.04393420884343313,39,0.046875,0.0029407911565668687,False,False,False
14333,-3.0,-0.3034562207656404,-0.065710857108677,21,-0.06562500000000002,8.585710867697882e-05,False,False,False
14358,-3.0,-0.16227433053632584,-0.035139122603500425,26,-0.03437499999999999,0.0007641226035004361,False,False,False
14384,1.0,0.24758591138737035,0.05361261800548715,40,0.05312499999999998,-0.0004876180054871754,False,False,False
14409,1.0,0.2957982855889235,0.06405259654352818,42,0.06562499999999999,0.0015724034564718048,False,False,False
14435,1.0,0.16543242519612722,0.03582298107376769,37,0.03437499999999999,-0.0014479810737677012,False,False,False
14461,-3.0,-0.35296905791009403,-0.07643243980826875,19,-0.078125,-0.0016925601917312516,False,False,False
14486,1.0,0.10241591194562606,0.022177292456005845,35,0.021875000000000006,-0.00030229245600583987,False,False,False
14512,-3.0,-0.2540626993345056,-0.05501511120942805,23,-0.053125000000000006,0.0018901112094280442,False,False,False
14538,-1.0,-0.05726096413972431,-0.01239937353400445,30,-0.009374999999999994,0.0030243735340044556,False,False,False
14563,-3.0,-0.3121900344325337,-0.0676020899871167,21,-0.06562500000000002,0.0019770899871166814,False,False,False
14589,-3.0,-0.34703340446083913,-0.07514712466572024,19,-0.078125,-0.0029778753342797615,False,False,False
14615,3.0,0.18226820780980732,0.039468626244095834,38,0.040624999999999994,0.001156373755904161,False,False,False
14640,-1.0,-0.2001671804951215,-0.0433444961588706,25,-0.040624999999999994,0.002719496158870606,False,False,False
14666,-1.0,0.03888218834720732,0.00841960634753053,33,0.009374999999999994,0.0009553936524694644,False,False,False
14692,-1.0,-0.18799939923125708,-0.040709666877921574,25,-0.040624999999999994,8.466687792157979e-05,False,False,False
14717,-3.0,-0.21139250643168103,-0.04577524477478136,24,-0.046875,-0.0010997552252186432,False,False,False
14743,1.0,-0.028885364068478886,-0.006254879290485261,30,-0.009374999999999994,-0.003120120709514733,False,False,False
14768,3.0,0.327224573720326,0.07085769127399191,43,0.07187500000000002,0.0010173087260081093,False,False,False
14794,1.0,0.02550143136860076,0.005522117518305935,32,0.003124999999999989,-0.0023971175183059457,False,False,False
14820,-1.0,-0.15824424805816228,-0.034266442606396975,26,-0.03437499999999999,-0.00010855739360301347,False,False,False
14845,-3.0,-0.2528523928257481,-0.05475302965494878,23,-0.053125000000000006,0.0016280296549487719,False,False,False
14871,-1.0,-0.06660983579670854,-0.014423791975746994,29,-0.015625,-0.0012012080242530063,False,False,False
14897,-1.0,0.04355939452887392,0.00943241546475957,33,0.009374999999999994,-5.741546475957621e-05,False,False,False
14922,1.0,0.0262894138930172,0.005692748415031064,32,0.003124999999999989,-0.0025677484150310754,False,False,False
14948,-1.0,-0.044091936868061815,-0.00954773296745041,30,-0.009374999999999994,0.000172732967450415,False,False,False
14974,3.0,0.35334702856151456,0.07651428612996916,44,0.078125,0.0016107138700308388,False,False,False
14999,-1.0,-0.1794933565087039,-0.03886775585533072,25,-0.040624999999999994,-0.0017572441446692746,False,False,False
15025,3.0,0.12717175767975342,0.027537959762595727,36,0.02812500000000001,0.0005870402374042842,False,False,False
15050,-1.0,0.042411844970385304,0.009183923392747631,33,0.009374999999999994,0.00019107660725236307,False,False,False
15076,-1.0,-0.18593528344090532,-0.040262700203739205,25,-0.040624999999999994,-0.0003622997962607899,False,False,False
15102,-1.0,-0.039863368579495254,-0.0086320725605449,30,-0.009374999999999994,-0.0007429274394550947,False,False,False
15127,3.0,0.4929570907460542,0.10674565467464894,49,0.109375,0.002629345325351057,False,False,False
15153,-1.0,-0.1968693582048614,-0.04263038086165131,25,-0.040624999999999994,0.002005380861651314,False,False,False
15179,3.0,0.29573844079737777,0.06403963766420107,42,0.06562499999999999,0.0015853623357989233,False,False,False
15204,1.0,-0.10170733951312672,-0.022023857137574585,28,-0.021875000000000006,0.00014885713757457897,False,False,False
15230,-3.0,-0.2682750687237596,-0.058092678615219565,22,-0.05937500000000001,-0.0012823213847804465,False,False,False
15256,-1.0,-0.17724337700920775,-0.03838054197974823,25,-0.040624999999999994,-0.0022444580202517633,False,False,False
15281,-1.0,-0.1533256950831189,-0.033201371898968136,26,-0.03437499999999999,-0.0011736281010318525,False,False,False
15307,-3.0,-0.3305805580305297,-0.07158440106069641,20,-0.071875,-0.0002905989393035824,False,False,False
15333,-3.0,-0.36430735748067206,-0.07888765190132724,19,-0.078125,0.0007626519013272381,False,False,False
15358,-1.0,-0.016691638737903674,-0.0036144320431088567,31,-0.003124999999999989,0.0004894320431088678,False,False,False
15384,-1.0,-0.23288655877641293,-0.05042959853542446,23,-0.053125000000000006,-0.0026954014645755447,False,False,False
15409,3.0,0.19595421731633572,0.042432214905427076,38,0.040624999999999994,-0.001807214905427082,False,False,False
15435,-3.0,-0.3329957108283725,-0.07210738180564294,20,-0.071875,0.00023238180564294497,False,False,False
15461,1.0,0.002577320093943354,0.0005580966901556229,32,0.003124999999999989,0.002566903309844366,False,False,False
15486,-3.0,-0.23568864741288198,-0.05103636693691674,23,-0.053125000000000006,-0.0020886330630832672,False,False,False
15512,1.0,0.1815247232637485,0.039307631005160465,38,0.040624999999999994,0.0013173689948395295,False,False,False
15538,1.0,0.12608211187645924,0.027302006255039774,36,0.02812500000000001,0.0008229937449602369,False,False,False
15563,-1.0,-0.1883742854190376,-0.04079084528532119,25,-0.040624999999999994,0.00016584528532119502,False,False,False
15589,-3.0,-0.44426466383767793,-0.0962017248162392,16,-0.096875,-0.0006732751837607992,False,False,False
15615,1.0,-0.015247337157390385,-0.003301680851060509,31,-0.003124999999999989,0.00017668085106052004,False,False,False
15640,-1.0,-0.18445856450617762,-0.039942929310050695,25,-0.040624999999999994,-0.000682070689949299,False,False,False
15666,1.0,0.12944014309716734,0.028029159282760473,36,0.02812500000000001,9.584071723953841e-05,False,False,False
15692,-1.0,-0.04493547344286848,-0.009730393620091548,30,-0.009374999999999994,0.0003553936200915535,False,False,False
15717,-3.0,-0.20227903155984445,-0.04380179949969083,24,-0.046875,-0.0030732005003091672,False,False,False
15743,1.0,0.14980962817584925,0.03243999759085476,37,0.03437499999999999,0.0019350024091452298,False,False,False
15768,3.0,0.25001592867670963,0.054138817529321294,40,0.05312499999999998,-0.0010138175293213161,False,False,False
15794,1.0,0.2077336561677085,0.04498295194825321,39,0.046875,0.0018920480517467878,False,False,False
15820,-3.0,-0.1655871444252459,-0.03585648420357972,26,-0.03437499999999999,0.0014814842035797277,False,False,False
15845,1.0,0.18661308888382205,0.04040947319291906,38,0.040624999999999994,0.0002155268070809374,False,False,False
15871,1.0,0.21873797650013296,0.047365843685050105,39,0.046875,-0.0004908436850501047,False,False,False
