symbol_index,normalized_pam4_symbol,tx_center_sample_v,channel_center_sample_v,afe_center_sample_v
512,-3.0,-0.44795925868591885,-0.07273518575089531,-0.2862311872646759
538,-3.0,-0.4460891134249251,0.00279354586858303,-0.1275290033301784
563,-3.0,-0.4477887241088483,-0.0013762964185961369,-0.15282668507862546
589,1.0,0.15135858175244843,-0.011852186776218283,0.0338155331001364
615,-1.0,-0.14643024581011005,-0.010244711895158288,-0.04234505904988422
640,-1.0,-0.1467714970468994,-0.0878696208061973,-0.18986415517280197
666,1.0,0.14982943580437505,0.050689574511927044,0.11099635079240544
691,1.0,0.15187009131991086,0.1267837860219603,0.300309430626181
717,-1.0,-0.1500000779746721,-0.08630384542233191,-0.1883450440962566
743,-3.0,-0.4447308114073367,-0.032034454616616,-0.22170552421783224
768,-3.0,-0.44830046511686067,-0.17443932229462733,-0.4471847231993857
794,-1.0,-0.14660094224445358,-0.04254660254903794,-0.11154850965883056
820,3.0,0.4447306909446642,-0.005409951127381917,0.17537118069031254
845,3.0,0.44608935120200177,-0.013718952236995478,0.11945949689214669
871,-1.0,-0.14830038296329764,-0.02933523592579772,-0.11308624737710798
897,1.0,0.1513585265520181,-0.043187720096308835,-0.017015024993658624
922,1.0,0.15000009118583774,0.08270165442768768,0.1782817989570205
948,-1.0,-0.1466008830822602,0.025420098898715184,-0.01751419465048287
974,-1.0,-0.15169961286402078,-0.07922599061590335,-0.20448555372320518
999,-1.0,-0.15169941688684568,-0.0781205556761583,-0.2039491117426535
1025,1.0,0.1467712916608068,-0.021117260438918067,0.04350299587902755
1050,-3.0,-0.44660089940758185,-0.1328004672843472,-0.4057045974632808
1076,1.0,0.14677126176856004,-0.034683539254172696,0.03145649830473272
1102,-1.0,-0.14677132971622275,0.0005068760342463825,-0.08986056630910658
1127,3.0,0.4481297579523269,0.04553204901021764,0.2656980500042443
1153,-3.0,-0.44999997334945707,-0.09395115188109998,-0.38108129891538006
1179,1.0,0.14847073001510253,0.004257364477693992,0.11547289915441614
1204,-1.0,-0.1483003298679696,-0.033472919092795754,-0.11711107554907327
1230,-1.0,-0.15152913032978765,-0.016983502630693238,-0.09126384635739183
1256,1.0,0.14795938612547482,0.019481614299351857,0.038654375666227064
1281,-1.0,-0.14643026782848237,-0.024831039963582345,-0.0531976608314555
1307,-3.0,-0.44625986816396623,-0.06334363525251152,-0.23791724525224692
1333,-3.0,-0.44965883616342617,-0.029635449697470343,-0.22365383434103236
1358,1.0,0.14677125846912015,-0.025413285638587427,0.04522078607163283
1384,-1.0,-0.14847104153252544,-0.14008828657680666,-0.2990280088920263
1409,1.0,0.14643029948941066,-0.04251125047786271,-0.04148426760742472
1435,-3.0,-0.44812983509997384,-0.13384124847394893,-0.3818184580682988
1461,-1.0,-0.1498294111967296,0.0031425654982527177,-0.05004768238187169
1486,-1.0,-0.1515292453556396,-0.04953718907011638,-0.12995462185781548
1512,1.0,0.1462597121013433,-0.0824256688043185,-0.10495724041912113
1538,-1.0,-0.14830038758107783,-0.04208149418465976,-0.13055310076570503
1563,3.0,0.4477887155578507,0.0022972719140591904,0.14454190213966453
1589,3.0,0.4443896881547321,0.03964687363014631,0.16319375019927262
1615,-1.0,-0.1483005254530978,-0.026361717365526165,-0.10494248733643657
1640,-3.0,-0.44965901355274923,-0.11543336792845639,-0.34360932513377046
1666,-1.0,-0.14625991967504776,0.0003755950250105876,0.008329278688231852
1691,-3.0,-0.44982941521160524,-0.0988031480742578,-0.3557101751477268
1717,-3.0,-0.4443898274170033,0.054129797883004274,-0.04663591431788014
1743,1.0,0.15152899691784727,-0.026031110671657448,0.058541614272562215
1768,3.0,0.444901239046666,0.04275578073299425,0.2643143098714821
1794,-3.0,-0.44982941247163344,-0.1670562936206803,-0.431869510842967
1820,3.0,0.4466009366626134,0.09680936955355274,0.3327283718524504
1845,3.0,0.4443895274150368,-0.09713964666171107,0.01836843528854579
1871,-3.0,-0.4462598505468698,-0.08590671182968891,-0.2922006129292759
1897,3.0,0.44473071038715695,0.050421357514174106,0.24082400093445983
1922,1.0,0.148129866917944,0.01369147456249925,0.06857498881705781
1948,1.0,0.1500001413549138,0.11519669011290201,0.21851565305014664
1974,3.0,0.44438982376308456,0.019621662305836677,0.1419318278970713
1999,-3.0,-0.44778886804965123,-0.023519672982621854,-0.17461064108409874
2025,-3.0,-0.4481299227625246,-0.08821547895715293,-0.32472063397398054
2050,1.0,0.14643027920742605,-0.020212933428824284,0.010287194526828348
2076,-3.0,-0.44795940091802855,-0.051197594014178366,-0.23470291772472096
2102,-3.0,-0.44473077478910017,-0.0352564104835571,-0.2091010767435466
2127,3.0,0.44456024574202946,0.07136689848130519,0.2364121190179237
2153,3.0,0.4496588515166652,0.05215472852585668,0.2504261941226975
2179,-3.0,-0.4483004275998336,-0.07139566440739709,-0.32034689680534356
2204,-1.0,-0.1479593618345123,0.08366522674618976,0.11486500882559711
2230,-3.0,-0.4500001794517098,-0.1956089175583816,-0.4806666997954403
2256,3.0,0.4477887683822796,-0.027056328025414588,0.11746205059054445
2281,1.0,0.1501704814864087,0.06046871341585995,0.1905655880251144
2307,1.0,0.15135853901935667,0.03416788333483012,0.08124075148529912
2333,-1.0,-0.14847086459627196,0.0013508272738196425,-0.09443419883240683
2358,-3.0,-0.448129926476586,-0.08377969606257202,-0.2940679396456168
2384,1.0,0.14847108537231152,0.1024714954257657,0.24606638495148261
2409,1.0,0.15152906966860658,0.04723268243899939,0.12658580608349607
2435,1.0,0.15017059620008394,0.13730441699959833,0.28595767509597003
2461,-1.0,-0.1518701909892407,-0.039024486966711826,-0.158342976533951
2486,-1.0,-0.14982933666028742,0.07058304713191826,0.03259992911511028
2512,1.0,0.15135854248433228,0.08181907560503923,0.1411139083288454
2538,-3.0,-0.4445601558673049,-0.04755871939804331,-0.21301605926093964
2563,1.0,0.1464302024889233,-0.06754817377192432,-0.06916520788215995
2589,3.0,0.44643035288711275,0.04283594429845633,0.2567073036443752
2615,3.0,0.4447307115068069,0.03804935873375605,0.2092985571089868
2640,-3.0,-0.44438970400227745,-0.04455870076048925,-0.18637245825215637
2666,3.0,0.44660082393110334,0.06419779176639684,0.30691261892422295
2691,-1.0,-0.14677141419826928,-0.08940029686712342,-0.18009861084529943
2717,3.0,0.4447308249366131,0.03951630240113455,0.2242382018685171
2743,3.0,0.4443896385008038,-0.16519035427021234,-0.07817650954182682
2768,-3.0,-0.4443898503894371,-0.03164368700944005,-0.1804457832666845
2794,-1.0,-0.1479593951956019,0.08202515182850596,0.09884669175406322
2820,1.0,0.15135861219559604,0.07184631751699028,0.14184461648335217
2845,-3.0,-0.44999997297357586,-0.15037529069306005,-0.4104148364279722
2871,-3.0,-0.4447306655537484,-0.015851431645736457,-0.1976307987541708
2897,1.0,0.14660078693791068,0.07013550511266152,0.13910622762356348
2922,-3.0,-0.4479592304852227,-0.04859903080073458,-0.23239866905694745
2948,1.0,0.15152919989365932,0.031533186004008694,0.09815033936982606
2974,-3.0,-0.4481299291179369,-0.113240297873444,-0.33700319196949613
2999,3.0,0.44625993421019083,0.0646506899616109,0.24480357632597421
3025,-1.0,-0.14847085452363887,-0.03553128545537082,-0.12894985623151584
3050,-1.0,-0.1464302683071927,0.06018657854528163,0.03461770969788952
3076,-3.0,-0.4462597279759851,-0.08072663873319212,-0.25224416470219696
3102,-1.0,-0.146600905284747,0.013383956026028012,-0.047679398772149016
3127,3.0,0.4466007764007053,0.018907926661467823,0.25989404680903216
3153,3.0,0.44643030092807734,0.10616687518840384,0.31833367684130276
3179,-3.0,-0.4460893134629129,0.023908717636648827,-0.10558624094046695
3204,1.0,0.14812995360297285,0.016652814071348315,0.0625105540903641
3230,-3.0,-0.44965901080002535,-0.09839194835933826,-0.30604317575378526
3256,1.0,0.14660071665888988,-0.01908640642936753,0.038848864660376514
3281,-1.0,-0.14965898956476512,0.041608407179376784,0.03583069895515923
3307,-1.0,-0.14847101025590742,-0.09244903486023524,-0.19451969237952338
3333,1.0,0.14830029970012001,6.264862851080478e-06,0.05735643935044031
3358,1.0,0.14795941749400848,0.04528302678950397,0.06755326340634908
3384,1.0,0.1513586378693052,0.01239777666992042,0.04302188191145
3409,-3.0,-0.4460893742883787,-0.019368175546269288,-0.1574865748133308
3435,1.0,0.14982935523915467,-0.006808027424668863,0.047559384154421985
3461,3.0,0.4445602087345779,0.01633403996401841,0.17080844530765632
3486,-1.0,-0.14847094571408526,-0.00981739648423701,-0.11267130887301541
3512,-3.0,-0.4496589056942983,-0.0911114626173786,-0.2892580333127246
3538,-3.0,-0.4479593448378667,0.006003925309360054,-0.1879690518634518
3563,-3.0,-0.44625973676454234,-0.06085186316359313,-0.24939783787288639
3589,-1.0,-0.14830037430665602,-0.02161386039627887,-0.09618115531247776
3615,-1.0,-0.14660079697426115,-0.04350125083454441,-0.09955586701915017
3640,-3.0,-0.4477889102418484,-0.010043441766378893,-0.1530037966690029
3666,-1.0,-0.1501704690806635,-0.05794599549660631,-0.1730033816291523
3691,-3.0,-0.44490134320989333,-0.14141013595819596,-0.37656266887037726
3717,-1.0,-0.15017057199552405,-0.07237304431206504,-0.18423102230082897
3743,-1.0,-0.15135851998436262,0.0004196084900498925,-0.023552802851772657
3768,1.0,0.1484708457308765,0.10140259109084794,0.2373299904677568
3794,-3.0,-0.44438978365397436,0.0006275613776101888,-0.11309979534239614
3820,1.0,0.1498294897100167,-0.08430450635470552,-0.04356068299334675
3845,3.0,0.4479594568812328,0.022026797334491668,0.20501618476461314
3871,1.0,0.1467713323234296,0.03608682511436612,0.12064948607386036
3897,1.0,0.14847095748735972,0.06836660384354934,0.19710341172251655
3922,-1.0,-0.14965889642699642,0.043294486391435266,0.03911715817012511
3948,-3.0,-0.4460892658609682,0.08465597622529632,-0.015138574555132225
3974,3.0,0.4449013486108748,0.1351679476068557,0.39684367865499104
3999,3.0,0.4460891642045776,-0.06221314004329653,0.05534387153422335
4025,3.0,0.44643027820493997,0.13526900821097837,0.35148225743230666
4050,1.0,0.1513585109065877,-0.06407773081894552,-0.01921992658158535
4076,-3.0,-0.4447306378886555,-0.051231339248795346,-0.23010819423492218
4102,1.0,0.15187006499726918,0.06386366319023531,0.2043823952402939
4127,3.0,0.44660102425183273,0.1328642049981396,0.3771971079627453
4153,1.0,0.15017053002469888,0.09449410948135883,0.2262262996507647
4179,3.0,0.4483004815147037,0.10026089199722368,0.3721508826134382
4204,-3.0,-0.44948865062029714,-0.13229418403686882,-0.3287719161255524
4230,-3.0,-0.44965890573039513,-0.11284815985174683,-0.3203022716524865
4256,-1.0,-0.15169964028318011,-0.15533162647196133,-0.28222599118602004
4281,3.0,0.44473083900036925,0.0036360835842592478,0.18990436567316682
4307,3.0,0.4481300091280978,0.04727715574739856,0.2700195022830367
4333,3.0,0.44830048361786357,0.0368220662643409,0.2789878586846326
4358,1.0,0.15169952153534708,0.028312157470453264,0.1069619986841309
4384,-1.0,-0.15169965947237496,-0.1254633148828465,-0.27857708068308484
4409,1.0,0.14795925247366992,-0.1613327239892126,-0.19513992954616882
4435,1.0,0.15135849675945773,0.047353437730400516,0.06903799036381084
4461,-3.0,-0.44965882547697056,-0.05222884535179125,-0.2625524477855908
4486,-3.0,-0.4494883379135318,-0.06479112978733367,-0.24359188260137649
4512,-3.0,-0.44982946436694893,-0.13320052428951368,-0.37237971169954853
4538,-1.0,-0.14643026492817796,0.0293965374833733,0.005796570867115387
4563,1.0,0.14643036189478897,0.04184256490425493,0.08231475254902315
4589,1.0,0.1518701501859701,0.1349181817513961,0.2858019857448948
4615,-3.0,-0.4481298608504525,-0.04795125452907466,-0.2756634890616972
4640,-1.0,-0.14999998872273915,0.08001495922041449,0.010046807433516528
4666,-1.0,-0.14795940177315647,0.11166744193751486,0.12165710320863522
4691,1.0,0.1464303718359444,-0.06652530662492373,-0.0510097000779732
4717,-1.0,-0.1496591063910476,-0.020092084346174884,-0.04493223690932538
4743,-3.0,-0.4464302845331153,-0.02367238009344609,-0.21358411246419814
4768,-1.0,-0.14965891467475528,0.0828130341390392,0.06911751194061572
4794,3.0,0.44660079870792324,0.08707728541091503,0.3347010191428619
4820,-3.0,-0.44490126080075365,-0.01755811844731385,-0.24357617426564865
4845,3.0,0.4445601476173162,-0.06955693327906717,0.048731668378109494
4871,3.0,0.4477889220544166,0.016640137218142753,0.16037729735597728
4897,1.0,0.15135855721914865,0.034379209980111125,0.06673082765522725
4922,-3.0,-0.4499999758800038,-0.14732789599265783,-0.4265875755352937
4948,-1.0,-0.15169938801857993,0.021676512737441398,-0.0644141655910958
4974,-1.0,-0.14677126810337732,-0.08024818893808275,-0.1828822355115489
4999,-1.0,-0.14847088769435696,-0.07281834208825974,-0.198080771023042
5025,-1.0,-0.14643020731745537,0.05150500542101492,0.02269344328156305
5050,1.0,0.15169961618340372,0.09553440848871149,0.20078725325371688
5076,1.0,0.15135869380943995,0.016432909239951075,0.04982315294320917
5102,-1.0,-0.15187013612637265,-0.08890768447917999,-0.256704558793554
5127,3.0,0.4477888051838811,0.017624483776729403,0.1543945767156129
5153,-1.0,-0.1501705199246984,-0.05672457793981146,-0.1850188371089428
5179,-1.0,-0.1515291719144524,-0.11972785913739353,-0.21758677319993286
5204,-3.0,-0.4477888774306046,-0.058608440543330115,-0.20375951542125825
5230,3.0,0.44812989017896,0.06453740172729402,0.28280123351072445
5256,3.0,0.4481297560541705,0.05923906666345183,0.287354673772287
5281,-3.0,-0.44965889395901604,-0.11015371869402553,-0.32273366969743555
5307,-3.0,-0.44778866399498385,0.04456276055742013,-0.10233733724808718
5333,3.0,0.44795946524355557,0.07290858935756486,0.2550777960266039
5358,-3.0,-0.4479594712621008,-0.06589331535848056,-0.26619145163235536
5384,3.0,0.4464301592161881,-0.021104217035070344,0.16347856979988717
5409,-1.0,-0.15135849833050746,0.043983192133384266,0.01781170138590177
5435,3.0,0.4466009530008552,0.067093264109086,0.30071450400785027
5461,1.0,0.14982935443657852,-0.015136648281131267,0.023733487784326674
5486,-3.0,-0.4479594394827584,-0.12217451848954453,-0.326879263304468
5512,3.0,0.44830034838146904,0.025160432221100742,0.26309728952395284
5538,1.0,0.14830025200953817,0.006962007901933834,0.07983260871260482
5563,1.0,0.14625979763340868,-0.13310292908414242,-0.14572123067311693
5589,-3.0,-0.4447306300835595,-0.03260994973780895,-0.22749002070173457
5615,-1.0,-0.14643023078221998,-0.03561585757686178,-0.08231635524367235
5640,3.0,0.44625974365947496,0.08566336282332099,0.25899668772624806
5666,3.0,0.4464302027166632,0.009015555545093654,0.20496455751701875
5691,1.0,0.1467713350025936,0.0988330956735986,0.20276612480358375
5717,3.0,0.4477887047041575,-0.012589226012653706,0.1262320007668029
5743,1.0,0.15000013138286195,0.12309412814744167,0.2581827028616742
5768,-3.0,-0.44778885071509733,0.009548635218033372,-0.14473177105527338
5794,3.0,0.4449011468443588,0.04367080119620599,0.2702831008501873
5820,3.0,0.44473073278212827,0.0324852865258939,0.20403582433905992
5845,3.0,0.4479594382155502,0.05476558078488834,0.25745170790966027
5871,-3.0,-0.44965895690266255,-0.00936478677457337,-0.2027741823390648
5897,3.0,0.45000006290121075,0.14771436335545457,0.43856103393504403
5922,-3.0,-0.44490146291129073,-0.15456801060602016,-0.3975426523698954
5948,1.0,0.1464302124073772,-0.058181359309703695,-0.057263876515313575
5974,1.0,0.14847096242879584,0.002134676188085851,0.10740585594799368
5999,1.0,0.14795948128815856,-0.08849973403204775,-0.11054219111748145
6025,-3.0,-0.4462596863064813,-0.03889734453273399,-0.22440266922688695
6050,3.0,0.44438963504509393,-0.03736395222243181,0.05747641478151075
6076,3.0,0.4466007826880716,0.09535633716515518,0.3453665991360665
6102,3.0,0.4496590669483521,0.16458756715498107,0.3835430663167068
6127,-3.0,-0.44982944426049154,-0.01680869069070455,-0.24163847047387782
6153,1.0,0.15169968410702575,0.12720358050734198,0.2625537537831562
6179,1.0,0.1464304503199219,0.009814685695867062,0.03911524053769916
6204,3.0,0.44456032312386085,0.06945921530309249,0.22622755865722627
6230,1.0,0.14965891142885712,-0.0022154224489088553,0.013170330478337246
6256,-1.0,-0.14999997179086977,-0.00361008363086353,-0.08799766632360395
6281,-1.0,-0.14965901618250288,0.01264229417739554,-0.017130981526594723
6307,3.0,0.4500000147816044,0.14276908479152078,0.4224361276756262
6333,-3.0,-0.4464301536963279,0.04335204526170486,-0.14096369709678674
6358,1.0,0.14999981754435585,0.019756450460458437,0.1217738827201036
6384,-3.0,-0.4479593089849342,-0.04332767735871926,-0.21205085277763824
6409,3.0,0.4447307982722475,8.923135154460422e-05,0.1704364431722522
6435,-1.0,-0.1481299619485368,-0.046355025785008684,-0.0968651976768336
6461,-1.0,-0.15152903960567865,-0.10287253382352243,-0.18548192295449856
6486,1.0,0.15187026400467782,0.1332463487701802,0.29287969743819975
6512,1.0,0.1462597796044824,-0.06723547332587182,-0.08737910041728163
6538,-1.0,-0.15187023140118672,-0.12197966958942569,-0.27870967649111156
6563,-1.0,-0.1513586263936834,-0.018579009864251414,-0.064233237667249
6589,1.0,0.1481299355939171,0.060853086344992646,0.11003887469818052
6615,-1.0,-0.14965886957387664,0.016054074304721385,-0.0023734342450877
6640,-3.0,-0.44965898387902103,-0.07057823564997859,-0.26997130102207695
6666,-3.0,-0.4464303272532793,-0.15500216289024069,-0.36479678590451164
6691,3.0,0.44438969881266066,-0.08719483674361608,0.013280573566844499
6717,3.0,0.4447308221891586,0.013795597277400505,0.1932729800510697
6743,1.0,0.14965901633766385,-0.0568485335793125,-0.06254023810271354
6768,3.0,0.4449011309893427,0.07902444150414634,0.3048384986426428
6794,-1.0,-0.1496589232415309,-0.029559027395583304,-0.05124954624518234
6820,1.0,0.1467712768382451,-0.014620724062644506,0.08280749368115403
6845,1.0,0.14965898430549707,-0.01829143843825468,0.015954710170838583
6871,3.0,0.4445602366654131,-0.020527105971568767,0.1181740537626694
6897,-1.0,-0.15135868126595997,-0.0824545677743862,-0.13483327108673954
6922,3.0,0.44965901881427756,0.05929484017712654,0.2617195100174571
6948,3.0,0.44830035620001873,0.07951374501852009,0.3471631525634562
6974,-1.0,-0.14830043570352291,-0.03997557522917725,-0.11721664261867265
6999,1.0,0.1515289879902471,-0.0012157752419264404,0.05825693033057848
7025,1.0,0.1496589423429261,0.009710483825961364,0.028374515000126367
7050,-3.0,-0.4462597973816388,0.025209240729982957,-0.14592649225197885
7076,3.0,0.4483003293506179,0.06578525471387159,0.3261267821438949
7102,1.0,0.1467714920938547,0.04082529565029977,0.12616155346591043
7127,3.0,0.4498293409213487,0.09529753433612706,0.32922966125644393
7153,-1.0,-0.1479593793303075,0.05505860374413006,0.05654913736197564
7179,1.0,0.15000009740358522,0.03825131407506715,0.14038128969429414
7204,-3.0,-0.4447306686724072,-0.06046770852677648,-0.2506811861719543
7230,3.0,0.44660076763525414,0.06703541360189028,0.29336137167000625
7256,-1.0,-0.14643018978046396,0.036552689107377474,0.02010735425907749
7281,1.0,0.14677132955999256,0.0503418404052493,0.13361038907190442
7307,-1.0,-0.15187019766211907,-0.1322055182180109,-0.2733236693783534
7333,1.0,0.15135841275776477,-0.01360317209718172,0.018029026766465464
7358,-3.0,-0.444730749275123,-0.05788947094476177,-0.25282191926386566
7384,3.0,0.4449013137329345,0.01346116795936077,0.228086416205668
7409,-3.0,-0.44643041399129807,-0.11807486096171427,-0.33608831859003796
7435,-3.0,-0.44830037618169905,-0.07051161036947748,-0.3275314239652439
7461,-3.0,-0.449488288380155,0.036889343520580514,-0.11807834136296266
7486,-3.0,-0.4464303110150325,-0.07489250067964143,-0.2956436377593728
7512,3.0,0.4479592540997167,0.015559954893132291,0.18827773201972933
7538,-3.0,-0.4483003559234452,-0.08298407764999577,-0.33823458745556045
7563,-3.0,-0.44643028355042824,-0.05562115097287517,-0.2627332303277031
7589,3.0,0.4445601969000159,0.00864120808339506,0.14749446015634296
7615,3.0,0.44490136282389214,0.12220897770599172,0.35703785398088234
7640,3.0,0.4443897097468901,-0.022295756548464024,0.08347770174827217
7666,-1.0,-0.14795931907531745,0.05446556213547134,0.04354668215458618
7691,1.0,0.1498294280861853,0.05598444393223588,0.12638954089051616
7717,3.0,0.447788738323259,-0.036646323284404446,0.09533430394584592
7743,1.0,0.1513584941988501,0.005420752308168176,0.04162885971530564
7768,3.0,0.44438964677450743,0.026267721703944587,0.14534969096557154
7794,-1.0,-0.14795935256061538,0.08267264226888316,0.10138001715076611
7820,1.0,0.14982941649914622,0.025805750318840574,0.08724171716531892
7845,1.0,0.1483005344329496,0.07414776296035579,0.1641438001300082
7871,3.0,0.4466007952495672,0.12410078645822498,0.3791254092008619
7897,3.0,0.4464303223175272,0.096905023345464,0.324903937421461
7922,-3.0,-0.4460892976008356,-0.03339434001082657,-0.17602528120239938
7948,-3.0,-0.4498296120486611,-0.18967950767175396,-0.4573222110463139
7974,3.0,0.44778891548462146,0.08502134479095383,0.22823189337904604
7999,-3.0,-0.446259807384966,-0.12138781705904263,-0.3106920908156907
8025,3.0,0.4479593588205748,0.00923643098970789,0.17640253972493522
8050,1.0,0.14847096374365687,0.07927708042373283,0.18765161310491338
8076,3.0,0.44830056563504694,0.12653791675885084,0.3814193565528222
8102,-3.0,-0.44608932513360855,0.03895530834443284,-0.08102189435640811
8127,-1.0,-0.14982941356887006,-0.0033524747707367308,-0.06275984847803126
8153,-1.0,-0.14660082974012473,0.0059432923331905144,-0.02775142586066399
8179,-3.0,-0.44778879289090967,-0.02223590914888929,-0.1643155478198214
8204,1.0,0.1515288453861811,-0.04763651696709115,0.003025705518679908
8230,1.0,0.15152892911617818,0.10176434517279487,0.20942169099823155
8256,-3.0,-0.4498293649988896,-0.0614606248351011,-0.2782776627119784
8281,-3.0,-0.44438967676861585,0.015340442375925757,-0.09403858606256402
8307,-1.0,-0.14625974707322595,0.09115056275406111,0.12614806040835763
8333,1.0,0.15135851047785592,-0.0805219098639516,-0.05426221492310042
8358,1.0,0.14677128437839515,-0.016876136707246955,0.05875491724350595
8384,3.0,0.44625977333456923,-0.044908751441897446,0.10715603702105421
8409,3.0,0.4479594898319571,0.08392868969094293,0.27734512125319755
8435,-1.0,-0.14812989618688538,0.04584224924164103,0.006248237085692748
8461,-3.0,-0.44812987778539576,-0.12392695082518707,-0.3551526438696664
8486,-1.0,-0.14677128486841934,-0.07343639416134809,-0.18724502553927058
8512,3.0,0.4445600850695967,-0.0253839742423801,0.11441452441327232
8538,-1.0,-0.14677145995218943,-0.020215225768909127,-0.11758940996188298
8563,-3.0,-0.4479594080217524,-0.010377361679654602,-0.1890254319761881
8589,3.0,0.4447306443655041,-0.018516571934707085,0.16879103280670074
8615,-1.0,-0.15169961378079122,-0.0816250456809807,-0.2099400046792106
8640,-3.0,-0.4477888753002864,0.017252079259117977,-0.1256279515599265
8666,1.0,0.14643022292977542,-0.054065994486188956,-0.04145076687710435
8692,1.0,0.14847097671306128,0.11832530572514795,0.2286592976241651
8717,-1.0,-0.15152922635336546,-0.08245687681435376,-0.1687011953505318
8743,1.0,0.15169975383918471,0.166475052129675,0.29502325991970174
8768,-1.0,-0.14643024650940709,0.05058557636441117,0.05486314039491873
8794,-3.0,-0.4466009396087599,-0.08240874908692461,-0.31485406378857383
8820,-3.0,-0.44456023632877056,0.04110732506034952,-0.09052829381569538
8845,1.0,0.14625999076724516,0.03407315608516633,0.05301502936288137
8871,3.0,0.4494884465170881,0.025011440411112133,0.21181189071283024
8897,1.0,0.15152908727801295,-0.0024776652614454794,0.07004737284531934
8922,-1.0,-0.1484708626362979,0.034165936663324833,-0.05830703946363547
8948,3.0,0.4496588629789353,0.05615317099738651,0.26591743369330295
8974,1.0,0.14982942611870143,0.031113864209005044,0.10224657646648394
8999,-3.0,-0.4494884114992168,-0.0389521678645139,-0.19447407248523096
9025,-1.0,-0.1481299880678542,-0.01744692930688473,-0.06616676872197103
9050,1.0,0.15135865116585473,0.035425825219538534,0.09670135792672716
9076,3.0,0.444730710845072,0.11091971431902344,0.3184871928472638
9102,1.0,0.14677131976909136,0.06699367802935977,0.17144229885863443
9127,-3.0,-0.44778878197346156,-0.036253091954858895,-0.17110039476376535
9153,1.0,0.15187007250876156,0.12031780313302957,0.2907050118443584
9179,-3.0,-0.44812971721615674,-0.031168193164048008,-0.24388182903521116
9204,-1.0,-0.1481298859899851,0.07806853293592808,0.0590587893559162
9230,1.0,0.14847102592561212,0.06410655532252574,0.1775011940483812
9256,1.0,0.1462597951149744,-0.12843468809557357,-0.1472944377533444
9281,1.0,0.14660093252849088,-0.02021753051485558,0.027982213121818172
9307,1.0,0.1496589047739039,-0.05479789107848694,-0.036555930582195674
9333,-3.0,-0.449829488035589,-0.13714809312900256,-0.3695881578587677
9358,-3.0,-0.44473080479310356,-0.05201211281934635,-0.2416017731674514
9384,-3.0,-0.44660080362534543,-0.15377684580403364,-0.39300443199342977
9409,3.0,0.4500000383358627,0.15634073982236485,0.44921557609041374
9435,3.0,0.4443896965319607,0.002921112761801587,0.13590368219464072
9461,-1.0,-0.1484710025292248,-0.057556258175441286,-0.16570470544468952
9486,3.0,0.44812993849198834,0.09931899904780438,0.33831476295400287
9512,1.0,0.1516996777367453,0.12554960438844606,0.25298265133641107
9538,1.0,0.14847098096689532,0.0897873128350484,0.20405980675942828
9563,1.0,0.15152907443242553,0.05054664995751304,0.15044015206476397
9589,-1.0,-0.14982954555740643,-0.02464600782614107,-0.0643631757143227
9615,-3.0,-0.4466010072790092,-0.16927043670620967,-0.4398561073479653
9640,1.0,0.14625987678614177,-0.04993681335489938,-0.07274561820276024
9666,-3.0,-0.4498294612847654,-0.07853670335048343,-0.3157822422886257
9692,-3.0,-0.4498294852232645,-0.16423602450690547,-0.40653039807122826
9717,1.0,0.14660068411535787,-0.11012301937586683,-0.08673841424880356
9743,-1.0,-0.14643028442029232,-0.013264731333538539,-0.04031901639715077
9768,-3.0,-0.44473064430004156,-0.070706853582861,-0.27534863023292344
9794,-3.0,-0.44608943957717684,-0.032207195989607446,-0.17527350714161183
9820,1.0,0.14795937407705606,-0.08903565428214832,-0.0937702036059494
9845,1.0,0.14795948973158962,-0.03935873451326388,-0.04124192944252715
9871,1.0,0.15135840420100025,-0.009931973815802159,0.01973408171080014
9897,-3.0,-0.44999996788195534,-0.1857174505894462,-0.47878085923702873
9922,3.0,0.44660101318893564,0.10958983415313679,0.34532500763862384
9948,-1.0,-0.14795938660620078,0.03379872267193691,0.016414977946665486
9974,-1.0,-0.15135852054707982,0.01602156479020523,-0.025344387017155356
9999,3.0,0.44438964572062006,-0.012964288483538425,0.09013802692872802
10025,1.0,0.1481297958065629,-0.11975172002387588,-0.11177613412910102
10050,3.0,0.4445602059931518,-0.02713081039465133,0.08760213496517688
10076,1.0,0.15152899653379556,0.028613792338689947,0.09756977174536707
10102,-3.0,-0.44438972330493476,0.04504702993222946,-0.08824174616906061
10127,1.0,0.14677133495806716,0.05000762596847432,0.1440458074348997
10153,-3.0,-0.4445600846232143,0.06811441191466013,-0.06344710888160342
10179,1.0,0.151529088103054,0.036062547679151,0.11684427222591315
10204,-3.0,-0.4479593979502834,-0.011862179888922832,-0.19860287257669276
10230,1.0,0.1516996227187729,0.08046581541603604,0.1915205748601346
10256,-1.0,-0.1496590272085681,-0.020304587163384062,-0.044521150866198206
10281,-3.0,-0.44660085646665176,-0.14158161353901141,-0.38192478271322927
10307,1.0,0.14965909152767137,-0.0038750416817927447,0.010052355827998299
10333,-3.0,-0.44643030548870843,-0.018265687323442924,-0.19496395675400433
10358,-1.0,-0.14847093766458969,-0.07954792667453398,-0.19982548029592773
10384,3.0,0.44948836203620846,0.038641353706645,0.22018447765481386
10409,-1.0,-0.15169968464828137,-0.09587049137664092,-0.20853729255781034
10435,3.0,0.44948852804949063,0.12454125792087456,0.31253038271553857
10461,-3.0,-0.44965889449985463,-0.09656567809847447,-0.29909120847624115
10486,3.0,0.45000001972820536,0.1193783838518369,0.41176104560711513
10512,3.0,0.4483002932692004,0.13756658066686167,0.40422776436063484
10538,1.0,0.15135854250859754,0.045712085701352975,0.0939575973838851
10563,1.0,0.15135864361640766,0.023490918967852173,0.0646180070128839
10589,-1.0,-0.1498293948175641,-0.020632712071543963,-0.07161593956776655
10615,-3.0,-0.4464302582123797,-0.09784775575303854,-0.3113298656827389
10640,-3.0,-0.446430211847339,-0.11064970010463435,-0.34582072769329497
10666,-1.0,-0.15187020203240806,-0.1695528056173186,-0.32959418904835536
10692,-1.0,-0.14812990295820316,-0.023321970475271514,-0.06238344892527513
10717,-1.0,-0.14812977889532875,0.06081549936114351,0.046078095258460766
10743,-1.0,-0.148300461649444,-0.05131530257575263,-0.1414550420104086
10768,1.0,0.14677138445351423,0.030987648481980115,0.14325011848401353
10794,-3.0,-0.4481299730059042,-0.11325463395799917,-0.3469298148243945
10820,-1.0,-0.15187019006351454,-0.16485216530644722,-0.3176341715466202
10845,-1.0,-0.14847104190396898,-0.038907151964002,-0.1565962474744284
10871,-1.0,-0.14847103568993497,-0.06840493467131184,-0.17650036631142224
10897,-3.0,-0.44625996118194555,-0.11231775670150762,-0.29218638431284183
10922,3.0,0.4464301978905793,0.10196740680121924,0.3204556711487515
10948,1.0,0.1479593235155978,-0.008262261340958381,-0.0021406928241043937
10974,1.0,0.1466008734621218,-0.007643986657815427,0.0405463169933733
10999,3.0,0.44778879031328644,-0.019449036605323183,0.1291408000216076
11025,-1.0,-0.14643028513151646,0.06856187434195386,0.05685990676402866
11050,-1.0,-0.1484709372936532,-0.09629478704811978,-0.20950699054819455
11076,-3.0,-0.4481299202195043,-0.07952871088437213,-0.314731379598941
11102,1.0,0.14965905455141798,-0.023092715638354085,-0.008127874782668756
11127,3.0,0.44830059071209893,0.18350301426066673,0.4529160252100352
11153,-3.0,-0.4479593183062307,-0.004420740613495674,-0.18423531277570937
11179,-1.0,-0.1484709174379979,0.0273800997554624,-0.0738784867453531
11204,-3.0,-0.44473083262131696,-0.11029405003247435,-0.3097102804780335
11230,-1.0,-0.14812995130004308,-0.004629153127124917,-0.04648635455641076
11256,1.0,0.14795933799967367,-0.045168246560621,-0.057942177165844974
11281,3.0,0.4479593951541533,0.08181038728722773,0.2769308772020893
11307,-3.0,-0.4460892806150225,0.11916667852629989,0.009059729760687852
11333,-1.0,-0.14795930864269916,0.08201185284730915,0.09218548594657736
11358,-3.0,-0.4449012434333767,-0.06564323818664644,-0.30397495539352537
11384,1.0,0.14795937952768343,-0.03091297128189669,-0.0378904489828369
11409,1.0,0.14795943589868388,-0.025273358702983244,-0.01831646965066582
11435,1.0,0.15017065223538767,0.07990382133411839,0.19630876451164897
11461,-3.0,-0.4479592347576361,-0.0885994797345285,-0.2907684517504973
11486,-3.0,-0.4479594007746069,-0.13972887868798134,-0.3346196857557915
11512,1.0,0.15169959910340716,0.09888929524546863,0.2080486905009378
11538,-1.0,-0.14812985479641227,0.022077663530810445,-0.008656374352403516
11563,3.0,0.44473069143325317,-0.013408193460965334,0.15132804187024174
11589,3.0,0.4483004769713015,0.07950486368990611,0.33050111853521236
11615,3.0,0.44965888313234464,0.09428649921288056,0.29915269780554904
11640,-3.0,-0.4494884105169601,0.0030043673486151905,-0.1594906833494767
11666,-1.0,-0.1501706240631096,-0.07020832543008164,-0.19454275829247664
11692,-1.0,-0.14982941761285246,0.04526349907788626,-0.0036012349037964197
11717,3.0,0.45000002185834775,0.12575361231634596,0.40218412837599526
11743,3.0,0.4477889175159986,0.07420941241001727,0.24789926897446393
11768,3.0,0.44965894766676145,0.05862795114715291,0.2578126004545733
11794,3.0,0.45000007165077305,0.0949696475011275,0.37503474966849903
11820,-1.0,-0.15187016627761996,-0.17221525585387493,-0.3315952113141046
11845,1.0,0.1518701806116367,0.11837782511751599,0.25517656706741654
11871,1.0,0.1481297894995448,-0.06260033520404618,-0.026074224427841353
11897,-3.0,-0.44778896218711844,-0.009217358560199805,-0.15321350210564694
11922,-3.0,-0.44473064022805775,-0.016069847489527035,-0.20772296740690854
11948,-3.0,-0.44965900424416183,-0.09935762561725228,-0.3375517167761758
11974,-1.0,-0.1518701901956816,-0.1613705766776742,-0.3182766027816174
11999,-1.0,-0.14812970045746338,0.08297370498804985,0.07438178002131537
12025,3.0,0.44948847063481767,0.13012920834585595,0.32183597249524637
12050,1.0,0.15135848707131666,-0.007612272968102709,0.028611803443485722
12076,-1.0,-0.14830050480868212,-0.02487406887470237,-0.10638880408420508
12102,-3.0,-0.4479592569941002,-0.01804885028881329,-0.19445219545695092
12127,-3.0,-0.4481300217858633,-0.07432619736710894,-0.2995614506902329
12153,3.0,0.4449012213674769,0.06968597132953203,0.29643967468096766
12179,1.0,0.1466009156309262,0.07027607659898893,0.163476122480114
12204,-1.0,-0.14677137356325679,0.008394220909696968,-0.07426719033170417
12230,1.0,0.15000004145572662,0.022117358439081768,0.10037525433208244
12256,1.0,0.14999993995671246,0.09255684008840476,0.1936072895927695
12281,1.0,0.15017040532353298,0.10682677383321329,0.2569776440295455
12307,1.0,0.1481297094148718,-0.030419252002451914,0.018580948909767324
12333,-1.0,-0.1515291140273628,-0.012305645770831278,-0.08078588712117063
12358,1.0,0.14830057524138235,-0.017674124520734774,0.041895026769462336
12384,1.0,0.14625968710010775,-0.0879291926939888,-0.11314670031677519
12409,-1.0,-0.14812977974331432,0.04153473428873883,0.012158220499352366
12435,-3.0,-0.4443896298235192,0.01798958392768016,-0.09562111091051367
12461,1.0,0.14795923400585115,-0.06621816964366037,-0.0750866408487991
12486,1.0,0.14982937676126298,0.024959354190417678,0.0778740245951081
12512,1.0,0.14660078737535526,-0.037592339626061344,0.0030653023632841257
12538,3.0,0.4479592402680573,0.032393374544520244,0.20420530023218397
12563,1.0,0.14999987015447447,0.027324305956890692,0.11035648852585944
12589,3.0,0.4460892514937903,0.018710510852553784,0.14832833059501865
12615,1.0,0.14625973997825795,-0.1329846224256545,-0.15229514925349408
12640,-1.0,-0.1479594027954945,-0.023205457861438104,-0.050765073300973934
12666,3.0,0.4479593412101147,0.05697654462986336,0.23135244147458073
12692,1.0,0.150000011361198,0.10982301791723835,0.215149764160479
12717,3.0,0.44490121581101,-0.013238189294950882,0.202632736336244
12743,-1.0,-0.14965885090152403,0.04659747592355623,0.03804171297736251
12768,-1.0,-0.14625988506458473,0.06257442704553401,0.07022849984298599
12794,-1.0,-0.14982950172459752,0.04567303247354298,0.02027131892384073
12820,3.0,0.4498295488704435,0.0493521261266085,0.2834605809533487
12845,-1.0,-0.1513585104502368,0.006406523516358028,-0.02244775526032578
12871,1.0,0.15152905023763974,0.11637031549498825,0.21807060741729828
12897,-3.0,-0.4464302131238287,-0.03265782862243942,-0.2163152732954725
12922,1.0,0.14795941647249364,0.032479998984823226,0.04608526395450804
12948,3.0,0.4464302344904797,0.04796148589158675,0.26437782557630835
12974,-3.0,-0.44438958056360195,0.05304847823380311,-0.056608267243584184
12999,-1.0,-0.14965899127472956,-0.024730645057295525,-0.0525735862490897
13025,-1.0,-0.15169973203904893,-0.17153562164820632,-0.29857360405490896
13050,-1.0,-0.1518702840897872,-0.14937107088699444,-0.2949461869110436
13076,1.0,0.15017068603291855,0.08331062793277011,0.20813109000347046
13102,-3.0,-0.4498295790052941,-0.14713735859813287,-0.4208386236754396
13127,1.0,0.15000002558167796,0.13607304209232268,0.22794547567079304
13153,3.0,0.4464302808401587,0.07035994301863206,0.2831738223295513
13179,-1.0,-0.1498296293517673,-0.08352035432935342,-0.1736290542943043
13204,1.0,0.15152899035817385,0.008172731707074618,0.07735523987874518
13230,-3.0,-0.45000013322051874,-0.1847379009122096,-0.4711118774904276
13256,1.0,0.15187010690559963,0.08359421432032182,0.2391320615870093
13281,1.0,0.15135864008894637,0.10914612406008775,0.16068540136240494
13307,3.0,0.4481299882944227,0.09262468576638364,0.3340383204327013
13333,3.0,0.4447306829195642,0.09344139129795045,0.298478052464115
13358,-3.0,-0.4447305843804466,-0.05578967881380469,-0.24927343577377636
13384,1.0,0.15152927859616727,0.09844704684047148,0.17543695527652908
13409,3.0,0.4481298772139671,0.06620833056677769,0.2940213188571671
13435,1.0,0.14625974644399373,-0.08799408654134483,-0.10461115682626748
13461,-1.0,-0.15000001298184906,-0.06273034469107516,-0.15229182160745997
13486,3.0,0.44438975674615244,-0.05455995493249613,0.06769016457949795
13512,3.0,0.4464304068439695,0.0835788248199144,0.2824518288251868
13538,-1.0,-0.1479594964628236,0.060816049610662296,0.06812427485958858
13563,3.0,0.4464302655861301,0.09270480513536755,0.3083845497571399
13589,1.0,0.1464303222886105,-0.02370356252085446,0.01086654834143571
13615,3.0,0.4494884149724393,0.06738003169833554,0.2652764126902187
13640,-3.0,-0.4498294534601803,-0.10885035159699388,-0.32564012017078403
13666,1.0,0.14643042063752565,-0.019339806314861843,0.01142470170700366
13692,3.0,0.44473072131607905,-0.022491601541485925,0.1500686000905872
13717,-1.0,-0.15017052735660597,-0.0315884832483814,-0.16465751494404657
13743,-1.0,-0.15169957898463038,-0.04799038323741668,-0.1333932139254801
13768,1.0,0.15152914409599472,0.08636172182016458,0.1804127757316944
13794,-1.0,-0.15187015825912017,-0.12801317145410518,-0.28896211354989976
13820,3.0,0.4479593559394887,0.06696693371843537,0.26120722648323813
13845,-3.0,-0.4494883354393373,0.03829887945600795,-0.12051750300386463
13871,1.0,0.14830047106015792,0.0019088251801226345,0.0765946582690805
13897,-3.0,-0.4443898430449736,-0.02462781756745984,-0.1469128927325872
13922,-3.0,-0.4481298932165827,-0.08174178949098154,-0.30358050114973456
13948,-3.0,-0.4477890020674197,-0.04576876638604885,-0.19792841296646363
13974,3.0,0.4462597626933068,0.03264565618998038,0.21559603491439286
13999,3.0,0.4498293730458771,0.12480063412216583,0.38231927637909735
14025,-3.0,-0.44830054559522003,-0.04815422322678649,-0.2900327074268475
14050,-1.0,-0.15169945805300122,-0.02474678419027041,-0.11274741673061782
14076,1.0,0.15187004077867278,0.10930196695765418,0.2530872200579857
14102,3.0,0.44948863109849757,0.12592016392631455,0.3249495324364081
14127,1.0,0.14795952013495606,-0.007968492327575728,0.008471427316673408
14153,-3.0,-0.44643034923016284,-0.03979694402018061,-0.2604119578810057
14179,1.0,0.14982949814238397,-0.025244497922940094,0.02941521901365901
14204,3.0,0.44473076232558945,-0.04608562790381017,0.1260217669556466
14230,-3.0,-0.446600763028566,-0.05135547419746715,-0.29403873845218775
14256,1.0,0.15017038776977887,-0.0004445019234733015,0.11217885582957249
14281,1.0,0.14812994913980562,-0.03921321020131566,-0.003288418988413624
14307,3.0,0.4462596986535089,0.019158215794551778,0.20289050492686578
14333,-3.0,-0.4483002241210358,-0.058340222398544375,-0.3034562207656404
14358,-3.0,-0.4443898603050487,-0.030803115939289506,-0.16227433053632584
14384,1.0,0.1516997262962771,0.1205475799049906,0.24758591138737035
14409,1.0,0.15169974752022886,0.16411073779246338,0.2957982855889235
14435,1.0,0.1466009260278105,0.085323170726643,0.16543242519612722
14461,-3.0,-0.44830057280920005,-0.10989567701791739,-0.35296905791009403
14486,1.0,0.15152896628728946,0.024709813690095762,0.10241591194562606
14512,-3.0,-0.4479595142812127,-0.0668036917358856,-0.2540626993345056
14538,-1.0,-0.15152891112894207,0.010305367275578351,-0.05726096413972431
14563,-3.0,-0.44965895660591787,-0.0989836743637918,-0.3121900344325337
14589,-3.0,-0.4481300168109636,-0.12037632902295906,-0.34703340446083913
14615,3.0,0.4443898136219411,0.05272154656300569,0.18226820780980732
14640,-1.0,-0.15187004292586442,-0.06373040197004567,-0.2001671804951215
14666,-1.0,-0.14795930021955328,0.03253926394049048,0.03888218834720732
14692,-1.0,-0.15017035648884916,-0.06822874739853338,-0.18799939923125708
14717,-3.0,-0.44625978143553935,-0.04222732285048255,-0.21139250643168103
14743,1.0,0.15135848572012608,-0.04827122897500513,-0.028885364068478886
14768,3.0,0.44625992630191214,0.14146489006936092,0.327224573720326
14794,1.0,0.14999994224922314,-0.052739828040925696,0.02550143136860076
14820,-1.0,-0.15169969048631787,-0.054866824311947615,-0.15824424805816228
14845,-3.0,-0.4447308515167425,-0.04123502526593189,-0.2528523928257481
14871,-1.0,-0.14830031551824654,-0.004642025851593873,-0.06660983579670854
14897,-1.0,-0.14625973974944867,0.032957391836256386,0.04355939452887392
14922,1.0,0.14965895673280089,0.001756237730145933,0.0262894138930172
14948,-1.0,-0.14982953204108035,0.0037197964842328006,-0.044091936868061815
14974,3.0,0.4449013561338305,0.1151484538461466,0.35334702856151456
14999,-1.0,-0.1515291487726257,-0.08597173556497709,-0.1794933565087039
15025,3.0,0.4445603072395085,-0.018040788811788583,0.12717175767975342
15050,-1.0,-0.1479592985724104,0.04141751828360393,0.042411844970385304
15076,-1.0,-0.14847091136023366,-0.0467824008990257,-0.18593528344090532
15102,-1.0,-0.14643033684205187,-0.01159590234207718,-0.039863368579495254
15127,3.0,0.4500000656806156,0.2003252000597719,0.4929570907460542
15153,-1.0,-0.15017064520413795,-0.07953068080474826,-0.1968693582048614
15179,3.0,0.4462597929373897,0.1120252516726831,0.29573844079737777
15204,1.0,0.146259763598392,-0.0768419964688127,-0.10170733951312672
15230,-3.0,-0.44625976843640025,-0.08024250060453211,-0.2682750687237596
15256,-1.0,-0.1483003172194639,-0.0655552573412527,-0.17724337700920775
15281,-1.0,-0.15000002902371104,-0.04338105405383981,-0.1533256950831189
15307,-3.0,-0.4483004378802497,-0.07340516678606837,-0.3305805580305297
15333,-3.0,-0.4483004408373483,-0.10309075225262604,-0.36430735748067206
15358,-1.0,-0.14660069978170834,0.031221125388998384,-0.016691638737903674
15384,-1.0,-0.1518700947632577,-0.07376631617175997,-0.23288655877641293
15409,3.0,0.44625976867647027,0.015282369846655746,0.19595421731633572
15435,-3.0,-0.44812985984573606,-0.11026910889149169,-0.3329957108283725
15461,1.0,0.14677136432662774,-0.07401331225937652,0.002577320093943354
15486,-3.0,-0.44948839884548797,-0.052670963073867254,-0.23568864741288198
15512,1.0,0.1515290109118895,0.09555535998047804,0.1815247232637485
15538,1.0,0.14847102340103585,0.017137152949435838,0.12608211187645924
15563,-1.0,-0.15169959414921214,-0.08360945254737039,-0.1883742854190376
15589,-3.0,-0.44999993723519516,-0.1637542023249609,-0.44426466383767793
15615,1.0,0.14660085419220686,-0.05567996862429242,-0.015247337157390385
15640,-1.0,-0.14847105751890732,-0.07154720217929915,-0.18445856450617762
15666,1.0,0.14830043110893742,0.05191208784297416,0.12944014309716734
15692,-1.0,-0.14830029712752124,0.026994530104483622,-0.04493547344286848
15717,-3.0,-0.4477888024865032,-0.03309098650297908,-0.20227903155984445
15743,1.0,0.1499999492828485,0.06443376195017965,0.14980962817584925
15768,3.0,0.4462599724899121,0.06741312110063086,0.25001592867670963
15794,1.0,0.1499999746204217,0.10948619010462353,0.2077336561677085
15820,-3.0,-0.44778878243661524,-0.013505877227211376,-0.1655871444252459
15845,1.0,0.1516995025433685,0.07944204931671171,0.18661308888382205
15871,1.0,0.15186998347834724,0.07566705811272956,0.21873797650013296
